date,weekday,home_team,home_score,away_team,away_score,attendance,overtime,remarks
2020-12-22T19:00:00,Tuesday,Brooklyn Nets,125,Golden State Warriors,99,0,,
2020-12-22T22:00:00,Tuesday,Los Angeles Lakers,109,Los Angeles Clippers,116,0,,
2020-12-23T19:00:00,Wednesday,Cleveland Cavaliers,121,Charlotte Hornets,114,0,,
2020-12-23T19:00:00,Wednesday,Indiana Pacers,121,New York Knicks,107,0,,
2020-12-23T19:00:00,Wednesday,Orlando Magic,113,Miami Heat,107,0,,
2020-12-23T19:00:00,Wednesday,Philadelphia 76ers,113,Washington Wizards,107,0,,
2020-12-23T19:30:00,Wednesday,Toronto Raptors,99,New Orleans Pelicans,113,0,,
2020-12-23T19:30:00,Wednesday,Boston Celtics,122,Milwaukee Bucks,121,0,,
2020-12-23T20:00:00,Wednesday,Minnesota Timberwolves,111,Detroit Pistons,101,0,,
2020-12-23T20:00:00,Wednesday,Chicago Bulls,104,Atlanta Hawks,124,0,,
2020-12-23T20:00:00,Wednesday,Memphis Grizzlies,119,San Antonio Spurs,131,0,,
2020-12-23T21:00:00,Wednesday,Denver Nuggets,122,Sacramento Kings,124,0,OT,
2020-12-23T22:00:00,Wednesday,Portland Trail Blazers,100,Utah Jazz,120,0,,
2020-12-23T22:30:00,Wednesday,Phoenix Suns,106,Dallas Mavericks,102,0,,
2020-12-25T12:00:00,Friday,Miami Heat,111,New Orleans Pelicans,98,0,,
2020-12-25T14:30:00,Friday,Milwaukee Bucks,138,Golden State Warriors,99,0,,
2020-12-25T17:00:00,Friday,Boston Celtics,95,Brooklyn Nets,123,0,,
2020-12-25T20:00:00,Friday,Los Angeles Lakers,138,Dallas Mavericks,115,0,,
2020-12-25T22:30:00,Friday,Denver Nuggets,108,Los Angeles Clippers,121,0,,
2020-12-26T17:00:00,Saturday,Memphis Grizzlies,112,Atlanta Hawks,122,0,,
2020-12-26T19:00:00,Saturday,Charlotte Hornets,107,Oklahoma City Thunder,109,0,,
2020-12-26T19:00:00,Saturday,Detroit Pistons,119,Cleveland Cavaliers,128,0,2OT,
2020-12-26T19:00:00,Saturday,Washington Wizards,120,Orlando Magic,130,0,,
2020-12-26T19:30:00,Saturday,New York Knicks,89,Philadelphia 76ers,109,0,,
2020-12-26T20:00:00,Saturday,Chicago Bulls,106,Indiana Pacers,125,0,,
2020-12-26T20:30:00,Saturday,San Antonio Spurs,119,Toronto Raptors,114,0,,
2020-12-26T21:00:00,Saturday,Utah Jazz,111,Minnesota Timberwolves,116,0,,
2020-12-26T22:00:00,Saturday,Portland Trail Blazers,128,Houston Rockets,126,0,OT,
2020-12-26T22:00:00,Saturday,Sacramento Kings,106,Phoenix Suns,103,0,,
2020-12-27T15:30:00,Sunday,Los Angeles Clippers,73,Dallas Mavericks,124,0,,
2020-12-27T19:00:00,Sunday,New Orleans Pelicans,98,San Antonio Spurs,95,0,,
2020-12-27T19:00:00,Sunday,Washington Wizards,113,Orlando Magic,120,0,,
2020-12-27T19:00:00,Sunday,Charlotte Hornets,106,Brooklyn Nets,104,0,,
2020-12-27T19:30:00,Sunday,Cleveland Cavaliers,118,Philadelphia 76ers,94,0,,
2020-12-27T19:30:00,Sunday,New York Knicks,130,Milwaukee Bucks,110,0,,
2020-12-27T20:00:00,Sunday,Chicago Bulls,128,Golden State Warriors,129,0,,
2020-12-27T20:00:00,Sunday,Indiana Pacers,108,Boston Celtics,107,0,,
2020-12-27T21:00:00,Sunday,Sacramento Kings,100,Phoenix Suns,116,0,,
2020-12-27T22:00:00,Sunday,Los Angeles Lakers,127,Minnesota Timberwolves,91,0,,
2020-12-28T19:30:00,Monday,Brooklyn Nets,111,Memphis Grizzlies,116,0,OT,
2020-12-28T19:30:00,Monday,Atlanta Hawks,128,Detroit Pistons,120,0,,
2020-12-28T20:00:00,Monday,Oklahoma City Thunder,109,Utah Jazz,110,0,,
2020-12-28T21:00:00,Monday,Denver Nuggets,124,Houston Rockets,111,0,,
2020-12-28T22:00:00,Monday,Los Angeles Lakers,107,Portland Trail Blazers,115,0,,
2020-12-29T19:00:00,Tuesday,Philadelphia 76ers,100,Toronto Raptors,93,0,,
2020-12-29T19:00:00,Tuesday,Washington Wizards,107,Chicago Bulls,115,0,,
2020-12-29T19:00:00,Tuesday,Detroit Pistons,106,Golden State Warriors,116,0,,
2020-12-29T19:00:00,Tuesday,Cleveland Cavaliers,86,New York Knicks,95,0,,
2020-12-29T19:00:00,Tuesday,Indiana Pacers,111,Boston Celtics,116,0,,
2020-12-29T19:30:00,Tuesday,Miami Heat,97,Milwaukee Bucks,144,0,,
2020-12-29T20:00:00,Tuesday,Oklahoma City Thunder,107,Orlando Magic,118,0,,
2020-12-29T22:00:00,Tuesday,Los Angeles Clippers,124,Minnesota Timberwolves,101,0,,
2020-12-29T22:00:00,Tuesday,Phoenix Suns,111,New Orleans Pelicans,86,0,,
2020-12-29T22:00:00,Tuesday,Sacramento Kings,125,Denver Nuggets,115,0,,
2020-12-30T19:30:00,Wednesday,Boston Celtics,126,Memphis Grizzlies,107,0,,
2020-12-30T19:30:00,Wednesday,Miami Heat,119,Milwaukee Bucks,108,0,,
2020-12-30T19:30:00,Wednesday,Brooklyn Nets,145,Atlanta Hawks,141,0,,
2020-12-30T20:30:00,Wednesday,Dallas Mavericks,99,Charlotte Hornets,118,0,,
2020-12-30T20:30:00,Wednesday,San Antonio Spurs,107,Los Angeles Lakers,121,0,,
2020-12-30T22:00:00,Wednesday,Los Angeles Clippers,128,Portland Trail Blazers,105,0,,
2020-12-31T15:00:00,Thursday,Indiana Pacers,119,Cleveland Cavaliers,99,0,,
2020-12-31T17:00:00,Thursday,Washington Wizards,130,Chicago Bulls,133,0,,
2020-12-31T18:30:00,Thursday,Orlando Magic,92,Philadelphia 76ers,116,0,,
2020-12-31T19:00:00,Thursday,Houston Rockets,122,Sacramento Kings,119,0,,
2020-12-31T19:30:00,Thursday,Toronto Raptors,100,New York Knicks,83,0,,
2020-12-31T20:00:00,Thursday,Oklahoma City Thunder,80,New Orleans Pelicans,113,0,,
2020-12-31T21:00:00,Thursday,Utah Jazz,95,Phoenix Suns,106,0,,
2021-01-01T19:00:00,Friday,Charlotte Hornets,93,Memphis Grizzlies,108,0,,
2021-01-01T19:00:00,Friday,Dallas Mavericks,93,Miami Heat,83,0,,
2021-01-01T19:00:00,Friday,Detroit Pistons,96,Boston Celtics,93,0,,
2021-01-01T19:30:00,Friday,Brooklyn Nets,96,Atlanta Hawks,114,0,,
2021-01-01T20:00:00,Friday,Minnesota Timberwolves,109,Washington Wizards,130,0,,
2021-01-01T20:00:00,Friday,San Antonio Spurs,103,Los Angeles Lakers,109,0,,
2021-01-01T20:00:00,Friday,Milwaukee Bucks,126,Chicago Bulls,96,0,,
2021-01-01T21:00:00,Friday,Denver Nuggets,103,Phoenix Suns,106,0,,
2021-01-01T21:00:00,Friday,Utah Jazz,106,Los Angeles Clippers,100,0,,
2021-01-01T22:30:00,Friday,Golden State Warriors,98,Portland Trail Blazers,123,0,,
2021-01-02T17:00:00,Saturday,Houston Rockets,102,Sacramento Kings,94,0,,
2021-01-02T19:00:00,Saturday,Indiana Pacers,102,New York Knicks,106,0,,
2021-01-02T19:00:00,Saturday,Orlando Magic,99,Oklahoma City Thunder,108,0,,
2021-01-02T19:00:00,Saturday,Philadelphia 76ers,127,Charlotte Hornets,112,0,,
2021-01-02T19:30:00,Saturday,New Orleans Pelicans,120,Toronto Raptors,116,0,,
2021-01-02T19:30:00,Saturday,Atlanta Hawks,91,Cleveland Cavaliers,96,0,,
2021-01-03T15:00:00,Sunday,Detroit Pistons,120,Boston Celtics,122,0,,
2021-01-03T18:00:00,Sunday,Brooklyn Nets,122,Washington Wizards,123,0,,
2021-01-03T18:00:00,Sunday,Memphis Grizzlies,94,Los Angeles Lakers,108,0,,
2021-01-03T19:00:00,Sunday,Minnesota Timberwolves,109,Denver Nuggets,124,0,,
2021-01-03T19:00:00,Sunday,San Antonio Spurs,109,Utah Jazz,130,0,,
2021-01-03T20:00:00,Sunday,Chicago Bulls,118,Dallas Mavericks,108,0,,
2021-01-03T20:00:00,Sunday,Phoenix Suns,107,Los Angeles Clippers,112,0,,
2021-01-03T20:30:00,Sunday,Golden State Warriors,137,Portland Trail Blazers,122,0,,
2021-01-04T19:00:00,Monday,Orlando Magic,103,Cleveland Cavaliers,83,0,,
2021-01-04T19:00:00,Monday,Philadelphia 76ers,118,Charlotte Hornets,101,0,,
2021-01-04T19:30:00,Monday,Atlanta Hawks,108,New York Knicks,113,0,,
2021-01-04T19:30:00,Monday,Miami Heat,118,Oklahoma City Thunder,90,0,,
2021-01-04T19:30:00,Monday,Toronto Raptors,114,Boston Celtics,126,0,,
2021-01-04T20:00:00,Monday,Houston Rockets,100,Dallas Mavericks,113,0,,
2021-01-04T20:00:00,Monday,Milwaukee Bucks,125,Detroit Pistons,115,0,,
2021-01-04T20:00:00,Monday,New Orleans Pelicans,116,Indiana Pacers,118,0,OT,
2021-01-04T22:00:00,Monday,Golden State Warriors,137,Sacramento Kings,106,0,,
2021-01-05T19:30:00,Tuesday,Brooklyn Nets,130,Utah Jazz,96,0,,
2021-01-05T20:00:00,Tuesday,Memphis Grizzlies,92,Los Angeles Lakers,94,0,,
2021-01-05T21:00:00,Tuesday,Denver Nuggets,123,Minnesota Timberwolves,116,0,,
2021-01-05T22:00:00,Tuesday,Los Angeles Clippers,113,San Antonio Spurs,116,0,,
2021-01-05T22:30:00,Tuesday,Portland Trail Blazers,108,Chicago Bulls,111,0,,
2021-01-06T19:00:00,Wednesday,Indiana Pacers,114,Houston Rockets,107,0,,
2021-01-06T19:00:00,Wednesday,Orlando Magic,105,Cleveland Cavaliers,94,0,,
2021-01-06T19:00:00,Wednesday,Philadelphia 76ers,141,Washington Wizards,136,0,,
2021-01-06T19:30:00,Wednesday,New York Knicks,112,Utah Jazz,100,0,,
2021-01-06T19:30:00,Wednesday,Miami Heat,105,Boston Celtics,107,0,,
2021-01-06T19:30:00,Wednesday,Atlanta Hawks,94,Charlotte Hornets,102,0,,
2021-01-06T20:00:00,Wednesday,Milwaukee Bucks,130,Detroit Pistons,115,0,,
2021-01-06T20:00:00,Wednesday,New Orleans Pelicans,110,Oklahoma City Thunder,111,0,,
2021-01-06T21:00:00,Wednesday,Phoenix Suns,123,Toronto Raptors,115,0,,
2021-01-06T22:00:00,Wednesday,Golden State Warriors,101,Los Angeles Clippers,108,0,,
2021-01-06T22:00:00,Wednesday,Sacramento Kings,128,Chicago Bulls,124,0,,
2021-01-07T19:30:00,Thursday,Brooklyn Nets,122,Philadelphia 76ers,109,0,,
2021-01-07T20:00:00,Thursday,Memphis Grizzlies,90,Cleveland Cavaliers,94,0,,
2021-01-07T22:00:00,Thursday,Denver Nuggets,117,Dallas Mavericks,124,0,OT,
2021-01-07T22:00:00,Thursday,Los Angeles Lakers,109,San Antonio Spurs,118,0,,
2021-01-07T22:00:00,Thursday,Portland Trail Blazers,135,Minnesota Timberwolves,117,0,,
2021-01-08T19:00:00,Friday,Detroit Pistons,110,Phoenix Suns,105,0,OT,
2021-01-08T19:30:00,Friday,Boston Celtics,116,Washington Wizards,107,0,,
2021-01-08T19:30:00,Friday,New Orleans Pelicans,110,Charlotte Hornets,118,0,,
2021-01-08T19:30:00,Friday,New York Knicks,89,Oklahoma City Thunder,101,0,,
2021-01-08T20:00:00,Friday,Memphis Grizzlies,115,Brooklyn Nets,110,0,,
2021-01-08T20:00:00,Friday,Milwaukee Bucks,118,Utah Jazz,131,0,,
2021-01-08T20:00:00,Friday,Houston Rockets,132,Orlando Magic,90,0,,
2021-01-08T22:00:00,Friday,Golden State Warriors,115,Los Angeles Clippers,105,0,,
2021-01-08T22:00:00,Friday,Los Angeles Lakers,117,Chicago Bulls,115,0,,
2021-01-08T22:00:00,Friday,Sacramento Kings,123,Toronto Raptors,144,0,,
2021-01-09T15:00:00,Saturday,Philadelphia 76ers,103,Denver Nuggets,115,0,,
2021-01-09T19:00:00,Saturday,Charlotte Hornets,113,Atlanta Hawks,105,0,,
2021-01-09T19:00:00,Saturday,Indiana Pacers,117,Phoenix Suns,125,0,,
2021-01-09T19:00:00,Saturday,Washington Wizards,124,Miami Heat,128,0,,
2021-01-09T20:00:00,Saturday,Minnesota Timberwolves,122,San Antonio Spurs,125,0,OT,
2021-01-09T20:00:00,Saturday,Milwaukee Bucks,100,Cleveland Cavaliers,90,0,,
2021-01-09T20:30:00,Saturday,Dallas Mavericks,112,Orlando Magic,98,0,,
2021-01-09T22:00:00,Saturday,Sacramento Kings,99,Portland Trail Blazers,125,0,,
2021-01-10T15:00:00,Sunday,Detroit Pistons,86,Utah Jazz,96,0,,
2021-01-10T16:00:00,Sunday,Los Angeles Clippers,130,Chicago Bulls,127,0,,
2021-01-10T18:00:00,Sunday,Brooklyn Nets,116,Oklahoma City Thunder,129,0,,
2021-01-10T18:00:00,Sunday,New York Knicks,89,Denver Nuggets,114,0,,
2021-01-10T19:00:00,Sunday,Houston Rockets,102,Los Angeles Lakers,120,0,,
2021-01-10T20:00:00,Sunday,Minnesota Timberwolves,96,San Antonio Spurs,88,0,,
2021-01-10T20:30:00,Sunday,Golden State Warriors,106,Toronto Raptors,105,0,,
2021-01-11T19:00:00,Monday,Washington Wizards,128,Phoenix Suns,107,0,,
2021-01-11T19:00:00,Monday,Orlando Magic,99,Milwaukee Bucks,121,0,,
2021-01-11T19:00:00,Monday,Charlotte Hornets,109,New York Knicks,88,0,,
2021-01-11T19:00:00,Monday,Cleveland Cavaliers,91,Memphis Grizzlies,101,0,,
2021-01-11T19:30:00,Monday,Atlanta Hawks,112,Philadelphia 76ers,94,0,,
2021-01-11T22:00:00,Monday,Portland Trail Blazers,112,Toronto Raptors,111,0,,
2021-01-11T22:00:00,Monday,Sacramento Kings,127,Indiana Pacers,122,0,,
2021-01-12T19:00:00,Tuesday,Philadelphia 76ers,137,Miami Heat,134,0,OT,
2021-01-12T19:30:00,Tuesday,Brooklyn Nets,122,Denver Nuggets,116,0,,
2021-01-12T19:30:00,Tuesday,Cleveland Cavaliers,87,Utah Jazz,117,0,,
2021-01-12T20:00:00,Tuesday,Oklahoma City Thunder,102,San Antonio Spurs,112,0,,
2021-01-12T20:00:00,Tuesday,Houston Rockets,100,Los Angeles Lakers,117,0,,
2021-01-12T22:30:00,Tuesday,Golden State Warriors,95,Indiana Pacers,104,0,,
2021-01-13T19:00:00,Wednesday,Charlotte Hornets,93,Dallas Mavericks,104,0,,
2021-01-13T19:00:00,Wednesday,Detroit Pistons,101,Milwaukee Bucks,110,0,,
2021-01-13T19:30:00,Wednesday,New York Knicks,109,Brooklyn Nets,116,0,,
2021-01-13T20:00:00,Wednesday,Minnesota Timberwolves,107,Memphis Grizzlies,118,0,,
2021-01-13T20:00:00,Wednesday,Oklahoma City Thunder,99,Los Angeles Lakers,128,0,,
2021-01-13T22:00:00,Wednesday,Los Angeles Clippers,111,New Orleans Pelicans,106,0,,
2021-01-13T22:00:00,Wednesday,Sacramento Kings,126,Portland Trail Blazers,132,0,,
2021-01-14T19:00:00,Thursday,Philadelphia 76ers,125,Miami Heat,108,0,,
2021-01-14T19:30:00,Thursday,San Antonio Spurs,105,Houston Rockets,109,0,,
2021-01-14T19:30:00,Thursday,Toronto Raptors,111,Charlotte Hornets,108,0,,
2021-01-14T22:00:00,Thursday,Denver Nuggets,114,Golden State Warriors,104,0,,
2021-01-14T22:00:00,Thursday,Portland Trail Blazers,87,Indiana Pacers,111,0,,
2021-01-15T19:30:00,Friday,Boston Celtics,124,Orlando Magic,97,0,,
2021-01-15T19:30:00,Friday,Cleveland Cavaliers,106,New York Knicks,103,0,,
2021-01-15T19:30:00,Friday,Milwaukee Bucks,112,Dallas Mavericks,109,0,,
2021-01-15T20:00:00,Friday,Oklahoma City Thunder,127,Chicago Bulls,125,0,OT,
2021-01-15T21:00:00,Friday,Utah Jazz,116,Atlanta Hawks,92,0,,
2021-01-15T22:00:00,Friday,Los Angeles Lakers,112,New Orleans Pelicans,95,0,,
2021-01-15T22:00:00,Friday,Sacramento Kings,100,Los Angeles Clippers,138,0,,
2021-01-16T17:00:00,Saturday,San Antonio Spurs,103,Houston Rockets,91,0,,
2021-01-16T18:00:00,Saturday,Brooklyn Nets,122,Orlando Magic,115,0,,
2021-01-16T19:30:00,Saturday,Toronto Raptors,116,Charlotte Hornets,113,0,,
2021-01-16T20:00:00,Saturday,Memphis Grizzlies,106,Philadelphia 76ers,104,0,,
2021-01-16T20:00:00,Saturday,Miami Heat,100,Detroit Pistons,120,0,,
2021-01-16T22:00:00,Saturday,Portland Trail Blazers,112,Atlanta Hawks,106,0,,
2021-01-17T13:00:00,Sunday,Boston Celtics,75,New York Knicks,105,0,,
2021-01-17T15:00:00,Sunday,Dallas Mavericks,101,Chicago Bulls,117,0,,
2021-01-17T20:00:00,Sunday,Denver Nuggets,105,Utah Jazz,109,0,,
2021-01-17T21:00:00,Sunday,Sacramento Kings,123,New Orleans Pelicans,128,0,,
2021-01-17T22:00:00,Sunday,Los Angeles Clippers,129,Indiana Pacers,96,0,,
2021-01-18T12:00:00,Monday,New York Knicks,91,Orlando Magic,84,0,,
2021-01-18T14:30:00,Monday,Atlanta Hawks,108,Minnesota Timberwolves,97,0,,
2021-01-18T15:00:00,Monday,Portland Trail Blazers,104,San Antonio Spurs,125,0,,
2021-01-18T17:00:00,Monday,Memphis Grizzlies,108,Phoenix Suns,104,0,,
2021-01-18T19:30:00,Monday,Brooklyn Nets,125,Milwaukee Bucks,123,0,,
2021-01-18T19:30:00,Monday,Toronto Raptors,116,Dallas Mavericks,93,0,,
2021-01-18T20:00:00,Monday,Chicago Bulls,125,Houston Rockets,120,0,,
2021-01-18T20:00:00,Monday,Miami Heat,113,Detroit Pistons,107,0,,
2021-01-18T22:00:00,Monday,Los Angeles Lakers,113,Golden State Warriors,115,0,,
2021-01-19T21:00:00,Tuesday,Denver Nuggets,119,Oklahoma City Thunder,101,0,,
2021-01-19T21:00:00,Tuesday,Utah Jazz,118,New Orleans Pelicans,102,0,,
2021-01-20T19:00:00,Wednesday,Indiana Pacers,112,Dallas Mavericks,124,0,,
2021-01-20T19:00:00,Wednesday,Philadelphia 76ers,117,Boston Celtics,109,0,,
2021-01-20T19:00:00,Wednesday,Cleveland Cavaliers,147,Brooklyn Nets,135,0,2OT,
2021-01-20T19:30:00,Wednesday,Atlanta Hawks,123,Detroit Pistons,115,0,OT,
2021-01-20T19:30:00,Wednesday,Toronto Raptors,102,Miami Heat,111,0,,
2021-01-20T20:00:00,Wednesday,Minnesota Timberwolves,96,Orlando Magic,97,0,,
2021-01-20T21:30:00,Wednesday,Houston Rockets,103,Phoenix Suns,109,0,,
2021-01-20T22:00:00,Wednesday,Golden State Warriors,121,San Antonio Spurs,99,0,,
2021-01-20T22:00:00,Wednesday,Los Angeles Clippers,115,Sacramento Kings,96,0,,
2021-01-21T19:30:00,Thursday,Milwaukee Bucks,106,Los Angeles Lakers,113,0,,
2021-01-21T22:00:00,Thursday,Utah Jazz,129,New Orleans Pelicans,118,0,,
2021-01-21T22:00:00,Thursday,Golden State Warriors,104,New York Knicks,119,0,,
2021-01-22T19:00:00,Friday,Charlotte Hornets,110,Chicago Bulls,123,0,,
2021-01-22T19:00:00,Friday,Detroit Pistons,102,Houston Rockets,103,0,,
2021-01-22T19:00:00,Friday,Indiana Pacers,120,Orlando Magic,118,0,OT,
2021-01-22T19:30:00,Friday,Cleveland Cavaliers,125,Brooklyn Nets,113,0,,
2021-01-22T19:30:00,Friday,Philadelphia 76ers,122,Boston Celtics,110,0,,
2021-01-22T19:30:00,Friday,Toronto Raptors,101,Miami Heat,81,0,,
2021-01-22T20:00:00,Friday,Minnesota Timberwolves,98,Atlanta Hawks,116,0,,
2021-01-22T20:30:00,Friday,San Antonio Spurs,117,Dallas Mavericks,122,0,,
2021-01-22T22:00:00,Friday,Sacramento Kings,103,New York Knicks,94,0,,
2021-01-22T22:00:00,Friday,Los Angeles Clippers,120,Oklahoma City Thunder,106,0,,
2021-01-22T22:00:00,Friday,Phoenix Suns,126,Denver Nuggets,130,0,OT,
2021-01-23T20:00:00,Saturday,Brooklyn Nets,128,Miami Heat,124,0,,
2021-01-23T20:00:00,Saturday,Detroit Pistons,110,Philadelphia 76ers,114,0,,
2021-01-23T20:00:00,Saturday,Minnesota Timberwolves,120,New Orleans Pelicans,110,0,,
2021-01-23T21:00:00,Saturday,Chicago Bulls,90,Los Angeles Lakers,101,0,,
2021-01-23T21:00:00,Saturday,Dallas Mavericks,108,Houston Rockets,133,0,,
2021-01-23T21:00:00,Saturday,Phoenix Suns,112,Denver Nuggets,120,0,2OT,
2021-01-23T21:00:00,Saturday,Utah Jazz,127,Golden State Warriors,108,0,,
2021-01-24T13:00:00,Sunday,Indiana Pacers,102,Toronto Raptors,107,0,,
2021-01-24T16:00:00,Sunday,Los Angeles Clippers,108,Oklahoma City Thunder,100,0,,
2021-01-24T19:00:00,Sunday,Boston Celtics,141,Cleveland Cavaliers,103,0,,
2021-01-24T19:00:00,Sunday,Orlando Magic,104,Charlotte Hornets,107,0,,
2021-01-24T20:00:00,Sunday,Milwaukee Bucks,129,Atlanta Hawks,115,0,,
2021-01-24T20:00:00,Sunday,San Antonio Spurs,121,Washington Wizards,101,0,,
2021-01-24T22:00:00,Sunday,Portland Trail Blazers,116,New York Knicks,113,0,,
2021-01-25T19:00:00,Monday,Orlando Magic,117,Charlotte Hornets,108,0,,
2021-01-25T19:00:00,Monday,Indiana Pacers,129,Toronto Raptors,114,0,,
2021-01-25T19:00:00,Monday,Detroit Pistons,119,Philadelphia 76ers,104,0,,
2021-01-25T19:30:00,Monday,Brooklyn Nets,98,Miami Heat,85,0,,
2021-01-25T20:00:00,Monday,Cleveland Cavaliers,108,Los Angeles Lakers,115,0,,
2021-01-25T20:30:00,Monday,Dallas Mavericks,113,Denver Nuggets,117,0,,
2021-01-25T21:00:00,Monday,Chicago Bulls,103,Boston Celtics,119,0,,
2021-01-25T22:00:00,Monday,Golden State Warriors,130,Minnesota Timberwolves,108,0,,
2021-01-25T22:00:00,Monday,Portland Trail Blazers,122,Oklahoma City Thunder,125,0,,
2021-01-26T19:30:00,Tuesday,Atlanta Hawks,108,Los Angeles Clippers,99,0,,
2021-01-26T20:00:00,Tuesday,Houston Rockets,107,Washington Wizards,88,0,,
2021-01-26T21:00:00,Tuesday,Utah Jazz,108,New York Knicks,94,0,,
2021-01-27T19:00:00,Wednesday,Charlotte Hornets,106,Indiana Pacers,116,0,,
2021-01-27T19:00:00,Wednesday,Cleveland Cavaliers,122,Detroit Pistons,107,0,,
2021-01-27T19:00:00,Wednesday,Orlando Magic,107,Sacramento Kings,121,0,,
2021-01-27T19:30:00,Wednesday,Atlanta Hawks,128,Brooklyn Nets,132,0,OT,
2021-01-27T19:30:00,Wednesday,Miami Heat,82,Denver Nuggets,109,0,,
2021-01-27T19:30:00,Wednesday,Philadelphia 76ers,107,Los Angeles Lakers,106,0,,
2021-01-27T19:30:00,Wednesday,Toronto Raptors,108,Milwaukee Bucks,115,0,,
2021-01-27T20:30:00,Wednesday,San Antonio Spurs,110,Boston Celtics,106,0,,
2021-01-27T21:00:00,Wednesday,New Orleans Pelicans,124,Washington Wizards,106,0,,
2021-01-27T21:00:00,Wednesday,Phoenix Suns,97,Oklahoma City Thunder,102,0,,
2021-01-27T21:00:00,Wednesday,Utah Jazz,116,Dallas Mavericks,104,0,,
2021-01-27T22:00:00,Wednesday,Golden State Warriors,123,Minnesota Timberwolves,111,0,,
2021-01-28T19:30:00,Thursday,Houston Rockets,104,Portland Trail Blazers,101,0,,
2021-01-28T20:00:00,Thursday,Detroit Pistons,107,Los Angeles Lakers,92,0,,
2021-01-28T20:00:00,Thursday,Miami Heat,105,Los Angeles Clippers,109,0,,
2021-01-28T22:00:00,Thursday,Phoenix Suns,114,Golden State Warriors,93,0,,
2021-01-29T19:00:00,Friday,Charlotte Hornets,108,Indiana Pacers,105,0,,
2021-01-29T19:00:00,Friday,Washington Wizards,100,Atlanta Hawks,116,0,,
2021-01-29T19:30:00,Friday,New Orleans Pelicans,131,Milwaukee Bucks,126,0,,
2021-01-29T19:30:00,Friday,New York Knicks,102,Cleveland Cavaliers,81,0,,
2021-01-29T19:30:00,Friday,Toronto Raptors,124,Sacramento Kings,126,0,,
2021-01-29T20:00:00,Friday,Oklahoma City Thunder,125,Brooklyn Nets,147,0,,
2021-01-29T20:00:00,Friday,Orlando Magic,90,Los Angeles Clippers,116,0,,
2021-01-29T20:00:00,Friday,Minnesota Timberwolves,94,Philadelphia 76ers,118,0,,
2021-01-29T20:30:00,Friday,San Antonio Spurs,119,Denver Nuggets,109,0,,
2021-01-29T22:00:00,Friday,Utah Jazz,120,Dallas Mavericks,101,0,,
2021-01-30T20:00:00,Saturday,Chicago Bulls,122,Portland Trail Blazers,123,0,,
2021-01-30T20:00:00,Saturday,Charlotte Hornets,126,Milwaukee Bucks,114,0,,
2021-01-30T20:00:00,Saturday,Miami Heat,105,Sacramento Kings,104,0,,
2021-01-30T20:00:00,Saturday,New Orleans Pelicans,112,Houston Rockets,126,0,,
2021-01-30T20:30:00,Saturday,San Antonio Spurs,112,Memphis Grizzlies,129,0,,
2021-01-30T20:30:00,Saturday,Boston Celtics,95,Los Angeles Lakers,96,0,,
2021-01-30T21:00:00,Saturday,Dallas Mavericks,105,Phoenix Suns,111,0,,
2021-01-30T22:00:00,Saturday,Golden State Warriors,118,Detroit Pistons,91,0,,
2021-01-31T13:00:00,Sunday,New York Knicks,115,Los Angeles Clippers,129,0,,
2021-01-31T15:30:00,Sunday,Denver Nuggets,128,Utah Jazz,117,0,,
2021-01-31T19:00:00,Sunday,Toronto Raptors,115,Orlando Magic,102,0,,
2021-01-31T19:00:00,Sunday,Washington Wizards,149,Brooklyn Nets,146,0,,
2021-01-31T19:00:00,Sunday,Indiana Pacers,110,Philadelphia 76ers,119,0,,
2021-01-31T20:00:00,Sunday,Minnesota Timberwolves,109,Cleveland Cavaliers,104,0,,
2021-02-01T19:30:00,Monday,Atlanta Hawks,99,Los Angeles Lakers,107,1341,,
2021-02-01T19:30:00,Monday,Miami Heat,121,Charlotte Hornets,129,1341,OT,
2021-02-01T20:00:00,Monday,Oklahoma City Thunder,106,Houston Rockets,136,1341,,
2021-02-01T20:00:00,Monday,New Orleans Pelicans,109,Sacramento Kings,118,1341,,
2021-02-01T20:00:00,Monday,Milwaukee Bucks,134,Portland Trail Blazers,106,1341,,
2021-02-01T20:00:00,Monday,Cleveland Cavaliers,100,Minnesota Timberwolves,98,1341,,
2021-02-01T20:00:00,Monday,Chicago Bulls,110,New York Knicks,102,1341,,
2021-02-01T20:30:00,Monday,Dallas Mavericks,108,Phoenix Suns,109,1341,,
2021-02-01T20:30:00,Monday,San Antonio Spurs,102,Memphis Grizzlies,133,1341,,
2021-02-02T19:00:00,Tuesday,Orlando Magic,108,Toronto Raptors,123,1341,,
2021-02-02T19:30:00,Tuesday,Brooklyn Nets,124,Los Angeles Clippers,120,1341,,
2021-02-02T20:00:00,Tuesday,Indiana Pacers,134,Memphis Grizzlies,116,1341,,
2021-02-02T20:00:00,Tuesday,Washington Wizards,121,Portland Trail Blazers,132,1341,,
2021-02-02T22:00:00,Tuesday,Utah Jazz,117,Detroit Pistons,105,1341,,
2021-02-02T22:00:00,Tuesday,Golden State Warriors,107,Boston Celtics,111,1341,,
2021-02-03T19:00:00,Wednesday,Charlotte Hornets,111,Philadelphia 76ers,118,1341,,
2021-02-03T19:00:00,Wednesday,Milwaukee Bucks,130,Indiana Pacers,110,1341,,
2021-02-03T19:30:00,Wednesday,Atlanta Hawks,116,Dallas Mavericks,122,1341,,
2021-02-03T20:00:00,Wednesday,Chicago Bulls,103,New York Knicks,107,1341,,
2021-02-03T20:00:00,Wednesday,Cleveland Cavaliers,99,Los Angeles Clippers,121,1341,,
2021-02-03T20:00:00,Wednesday,Miami Heat,100,Washington Wizards,103,1341,,
2021-02-03T20:00:00,Wednesday,Oklahoma City Thunder,104,Houston Rockets,87,1341,,
2021-02-03T20:30:00,Wednesday,San Antonio Spurs,111,Minnesota Timberwolves,108,1341,,
2021-02-03T21:30:00,Wednesday,New Orleans Pelicans,123,Phoenix Suns,101,1341,,
2021-02-03T22:00:00,Wednesday,Sacramento Kings,116,Boston Celtics,111,1341,,
2021-02-04T19:30:00,Thursday,Atlanta Hawks,91,Utah Jazz,112,1341,,
2021-02-04T19:30:00,Thursday,Dallas Mavericks,116,Golden State Warriors,147,1341,,
2021-02-04T20:00:00,Thursday,Philadelphia 76ers,105,Portland Trail Blazers,121,1341,,
2021-02-04T21:00:00,Thursday,Memphis Grizzlies,103,Houston Rockets,115,1341,,
2021-02-04T22:00:00,Thursday,Los Angeles Lakers,114,Denver Nuggets,93,1341,,
2021-02-05T19:00:00,Friday,Orlando Magic,123,Chicago Bulls,119,1341,,
2021-02-05T19:00:00,Friday,Indiana Pacers,113,New Orleans Pelicans,114,1341,,
2021-02-05T19:30:00,Friday,Brooklyn Nets,117,Toronto Raptors,123,1341,,
2021-02-05T19:30:00,Friday,Cleveland Cavaliers,105,Milwaukee Bucks,123,1341,,
2021-02-05T20:00:00,Friday,Charlotte Hornets,121,Utah Jazz,138,1341,,
2021-02-05T20:00:00,Friday,Miami Heat,122,Washington Wizards,95,1341,,
2021-02-05T20:00:00,Friday,Oklahoma City Thunder,103,Minnesota Timberwolves,106,1341,,
2021-02-05T21:00:00,Friday,Phoenix Suns,109,Detroit Pistons,92,1341,,
2021-02-05T22:00:00,Friday,Los Angeles Clippers,115,Boston Celtics,119,1341,,
2021-02-06T13:00:00,Saturday,New York Knicks,110,Portland Trail Blazers,99,1341,,
2021-02-06T17:00:00,Saturday,Sacramento Kings,119,Denver Nuggets,114,1341,,
2021-02-06T19:00:00,Saturday,Orlando Magic,92,Chicago Bulls,118,1341,,
2021-02-06T20:00:00,Saturday,Atlanta Hawks,132,Toronto Raptors,121,1341,,
2021-02-06T20:00:00,Saturday,Cleveland Cavaliers,99,Milwaukee Bucks,124,1341,,
2021-02-06T20:00:00,Saturday,Houston Rockets,106,San Antonio Spurs,111,1341,,
2021-02-06T20:00:00,Saturday,Oklahoma City Thunder,120,Minnesota Timberwolves,118,1341,,
2021-02-06T20:00:00,Saturday,Philadelphia 76ers,124,Brooklyn Nets,108,1341,,
2021-02-06T20:30:00,Saturday,Dallas Mavericks,134,Golden State Warriors,132,1341,,
2021-02-06T21:00:00,Saturday,New Orleans Pelicans,118,Memphis Grizzlies,109,1341,,
2021-02-06T22:00:00,Saturday,Los Angeles Lakers,135,Detroit Pistons,129,1341,2OT,
2021-02-07T13:00:00,Sunday,Charlotte Hornets,119,Washington Wizards,97,1341,,
2021-02-07T13:00:00,Sunday,Indiana Pacers,95,Utah Jazz,103,1341,,
2021-02-07T13:00:00,Sunday,New York Knicks,103,Miami Heat,109,1341,,
2021-02-07T14:00:00,Sunday,Phoenix Suns,100,Boston Celtics,91,1341,,
2021-02-07T15:00:00,Sunday,Los Angeles Clippers,110,Sacramento Kings,113,1341,,
2021-02-08T19:00:00,Monday,Charlotte Hornets,119,Houston Rockets,94,1341,,
2021-02-08T20:00:00,Monday,Chicago Bulls,101,Washington Wizards,105,1341,,
2021-02-08T20:00:00,Monday,Memphis Grizzlies,113,Toronto Raptors,128,1341,,
2021-02-08T20:30:00,Monday,San Antonio Spurs,105,Golden State Warriors,100,1341,,
2021-02-08T20:30:00,Monday,Dallas Mavericks,127,Minnesota Timberwolves,122,1341,,
2021-02-08T21:00:00,Monday,Phoenix Suns,119,Cleveland Cavaliers,113,1341,,
2021-02-08T21:30:00,Monday,Denver Nuggets,112,Milwaukee Bucks,125,1341,,
2021-02-08T22:00:00,Monday,Los Angeles Lakers,119,Oklahoma City Thunder,112,1341,OT,
2021-02-09T19:00:00,Tuesday,Detroit Pistons,122,Brooklyn Nets,111,1341,,
2021-02-09T19:30:00,Tuesday,Miami Heat,98,New York Knicks,96,1341,,
2021-02-09T19:30:00,Tuesday,New Orleans Pelicans,130,Houston Rockets,101,1341,,
2021-02-09T20:30:00,Tuesday,San Antonio Spurs,91,Golden State Warriors,114,1341,,
2021-02-09T22:00:00,Tuesday,Utah Jazz,122,Boston Celtics,108,1341,,
2021-02-09T22:00:00,Tuesday,Sacramento Kings,111,Philadelphia 76ers,119,1341,,
2021-02-09T22:00:00,Tuesday,Portland Trail Blazers,106,Orlando Magic,97,1341,,
2021-02-10T19:00:00,Wednesday,Washington Wizards,115,Toronto Raptors,137,1341,,
2021-02-10T19:30:00,Wednesday,Dallas Mavericks,118,Atlanta Hawks,117,1341,,
2021-02-10T20:00:00,Wednesday,Brooklyn Nets,104,Indiana Pacers,94,1341,,
2021-02-10T20:00:00,Wednesday,Memphis Grizzlies,130,Charlotte Hornets,114,1341,,
2021-02-10T20:00:00,Wednesday,Minnesota Timberwolves,112,Los Angeles Clippers,119,1341,,
2021-02-10T21:00:00,Wednesday,Chicago Bulls,129,New Orleans Pelicans,116,1341,,
2021-02-10T21:00:00,Wednesday,Denver Nuggets,133,Cleveland Cavaliers,95,1341,,
2021-02-10T22:00:00,Wednesday,Phoenix Suns,125,Milwaukee Bucks,124,1341,,
2021-02-10T22:00:00,Wednesday,Los Angeles Lakers,114,Oklahoma City Thunder,113,1341,OT,
2021-02-11T19:30:00,Thursday,Boston Celtics,120,Toronto Raptors,106,1341,,
2021-02-11T19:30:00,Thursday,Houston Rockets,94,Miami Heat,101,1341,,
2021-02-11T20:00:00,Thursday,Detroit Pistons,95,Indiana Pacers,111,1341,,
2021-02-11T22:00:00,Thursday,Golden State Warriors,111,Orlando Magic,105,1341,,
2021-02-11T22:00:00,Thursday,Portland Trail Blazers,118,Philadelphia 76ers,114,1341,,
2021-02-12T19:00:00,Friday,Charlotte Hornets,120,Minnesota Timberwolves,114,1341,,
2021-02-12T19:00:00,Friday,Washington Wizards,91,New York Knicks,109,1341,,
2021-02-12T19:30:00,Friday,Dallas Mavericks,143,New Orleans Pelicans,130,1341,,
2021-02-12T19:30:00,Friday,Atlanta Hawks,114,San Antonio Spurs,125,1341,,
2021-02-12T20:00:00,Friday,Boston Celtics,102,Detroit Pistons,108,1341,,
2021-02-12T20:00:00,Friday,Chicago Bulls,106,Los Angeles Clippers,125,1341,,
2021-02-12T21:00:00,Friday,Denver Nuggets,97,Oklahoma City Thunder,95,1341,,
2021-02-12T21:00:00,Friday,Utah Jazz,129,Milwaukee Bucks,115,1341,,
2021-02-12T22:00:00,Friday,Los Angeles Lakers,115,Memphis Grizzlies,105,1341,,
2021-02-12T22:00:00,Friday,Portland Trail Blazers,129,Cleveland Cavaliers,110,1341,,
2021-02-12T22:00:00,Friday,Sacramento Kings,112,Orlando Magic,123,1341,,
2021-02-13T15:00:00,Saturday,Phoenix Suns,120,Philadelphia 76ers,111,1341,,
2021-02-13T19:30:00,Saturday,Atlanta Hawks,113,Indiana Pacers,125,1341,,
2021-02-13T20:00:00,Saturday,New York Knicks,121,Houston Rockets,99,1341,,
2021-02-13T20:30:00,Saturday,Golden State Warriors,117,Brooklyn Nets,134,1341,,
2021-02-13T21:00:00,Saturday,Utah Jazz,112,Miami Heat,94,1341,,
2021-02-14T13:00:00,Sunday,Washington Wizards,104,Boston Celtics,91,1341,,
2021-02-14T19:00:00,Sunday,Charlotte Hornets,110,San Antonio Spurs,122,1341,,
2021-02-14T19:00:00,Sunday,Detroit Pistons,123,New Orleans Pelicans,112,1341,,
2021-02-14T19:00:00,Sunday,Toronto Raptors,112,Minnesota Timberwolves,116,1341,,
2021-02-14T19:30:00,Sunday,Dallas Mavericks,118,Portland Trail Blazers,121,1341,,
2021-02-14T20:00:00,Sunday,Oklahoma City Thunder,114,Milwaukee Bucks,109,1341,,
2021-02-14T21:00:00,Sunday,Phoenix Suns,109,Orlando Magic,90,1341,,
2021-02-14T22:00:00,Sunday,Denver Nuggets,122,Los Angeles Lakers,105,1341,,
2021-02-14T22:00:00,Sunday,Los Angeles Clippers,128,Cleveland Cavaliers,111,1341,,
2021-02-14T22:00:00,Sunday,Sacramento Kings,110,Memphis Grizzlies,124,1341,,
2021-02-15T19:00:00,Monday,Indiana Pacers,112,Chicago Bulls,120,1341,OT,
2021-02-15T19:00:00,Monday,Washington Wizards,131,Houston Rockets,119,1341,,
2021-02-15T19:30:00,Monday,New York Knicks,123,Atlanta Hawks,112,1341,,
2021-02-15T21:00:00,Monday,Utah Jazz,134,Philadelphia 76ers,123,1341,,
2021-02-15T22:00:00,Monday,Sacramento Kings,125,Brooklyn Nets,136,1341,,
2021-02-15T22:00:00,Monday,Los Angeles Clippers,125,Miami Heat,118,1341,,
2021-02-15T22:00:00,Monday,Golden State Warriors,129,Cleveland Cavaliers,98,1341,,
2021-02-16T19:00:00,Tuesday,Boston Celtics,112,Denver Nuggets,99,1341,,
2021-02-16T20:00:00,Tuesday,Memphis Grizzlies,113,New Orleans Pelicans,144,1341,,
2021-02-16T20:00:00,Tuesday,Milwaukee Bucks,113,Toronto Raptors,124,1341,,
2021-02-16T20:00:00,Tuesday,Minnesota Timberwolves,104,Los Angeles Lakers,112,1341,,
2021-02-16T20:00:00,Tuesday,Oklahoma City Thunder,104,Portland Trail Blazers,115,1341,,
2021-02-16T22:30:00,Tuesday,Phoenix Suns,124,Brooklyn Nets,128,1341,,
2021-02-17T19:00:00,Wednesday,Orlando Magic,107,New York Knicks,89,1341,,
2021-02-17T19:30:00,Wednesday,Boston Celtics,114,Atlanta Hawks,122,1341,,
2021-02-17T19:30:00,Wednesday,Philadelphia 76ers,118,Houston Rockets,113,1341,,
2021-02-17T20:00:00,Wednesday,Chicago Bulls,105,Detroit Pistons,102,1341,,
2021-02-17T20:00:00,Wednesday,Minnesota Timberwolves,128,Indiana Pacers,134,1341,OT,
2021-02-17T20:00:00,Wednesday,Washington Wizards,130,Denver Nuggets,128,1341,,
2021-02-17T21:00:00,Wednesday,Memphis Grizzlies,122,Oklahoma City Thunder,113,1341,,
2021-02-17T21:00:00,Wednesday,New Orleans Pelicans,124,Portland Trail Blazers,126,1341,,
2021-02-17T22:00:00,Wednesday,Golden State Warriors,120,Miami Heat,112,1341,OT,
2021-02-17T22:00:00,Wednesday,Los Angeles Clippers,96,Utah Jazz,114,1341,,
2021-02-18T19:30:00,Thursday,Milwaukee Bucks,96,Toronto Raptors,110,1341,,
2021-02-18T22:00:00,Thursday,Los Angeles Lakers,98,Brooklyn Nets,109,1341,,
2021-02-18T22:00:00,Thursday,Sacramento Kings,110,Miami Heat,118,1341,,
2021-02-19T19:00:00,Friday,Cleveland Cavaliers,103,Denver Nuggets,120,1341,,
2021-02-19T19:00:00,Friday,Orlando Magic,124,Golden State Warriors,120,1341,,
2021-02-19T19:30:00,Friday,Boston Celtics,121,Atlanta Hawks,109,1341,,
2021-02-19T19:30:00,Friday,Philadelphia 76ers,112,Chicago Bulls,105,1341,,
2021-02-19T20:00:00,Friday,Milwaukee Bucks,98,Oklahoma City Thunder,85,1341,,
2021-02-19T20:00:00,Friday,New Orleans Pelicans,114,Phoenix Suns,132,1341,,
2021-02-19T20:00:00,Friday,Memphis Grizzlies,109,Detroit Pistons,95,1341,,
2021-02-19T21:00:00,Friday,Minnesota Timberwolves,81,Toronto Raptors,86,1341,,
2021-02-19T22:00:00,Friday,Los Angeles Clippers,116,Utah Jazz,112,1341,,
2021-02-20T20:00:00,Saturday,Charlotte Hornets,102,Golden State Warriors,100,1341,,
2021-02-20T20:30:00,Saturday,Los Angeles Lakers,94,Miami Heat,96,1341,,
2021-02-20T21:00:00,Saturday,Chicago Bulls,122,Sacramento Kings,114,1341,,
2021-02-20T21:00:00,Saturday,Memphis Grizzlies,97,Phoenix Suns,128,1341,,
2021-02-20T22:00:00,Saturday,Portland Trail Blazers,111,Washington Wizards,118,1341,,
2021-02-21T15:30:00,Sunday,New Orleans Pelicans,120,Boston Celtics,115,1341,OT,
2021-02-21T19:00:00,Sunday,Toronto Raptors,110,Philadelphia 76ers,103,1341,,
2021-02-21T19:00:00,Sunday,Orlando Magic,105,Detroit Pistons,96,1341,,
2021-02-21T19:00:00,Sunday,Cleveland Cavaliers,101,Oklahoma City Thunder,117,1341,,
2021-02-21T19:00:00,Sunday,New York Knicks,103,Minnesota Timberwolves,99,1341,,
2021-02-21T19:30:00,Sunday,Atlanta Hawks,123,Denver Nuggets,115,1341,,
2021-02-21T20:00:00,Sunday,Los Angeles Clippers,108,Brooklyn Nets,112,1341,,
2021-02-21T21:00:00,Sunday,Milwaukee Bucks,128,Sacramento Kings,115,1341,,
2021-02-22T20:00:00,Monday,Houston Rockets,100,Chicago Bulls,120,1341,,
2021-02-22T20:30:00,Monday,Dallas Mavericks,102,Memphis Grizzlies,92,1341,,
2021-02-22T21:00:00,Monday,Oklahoma City Thunder,94,Miami Heat,108,1341,,
2021-02-22T21:00:00,Monday,Phoenix Suns,132,Portland Trail Blazers,100,1341,,
2021-02-22T21:00:00,Monday,Utah Jazz,132,Charlotte Hornets,110,1341,,
2021-02-22T22:00:00,Monday,Los Angeles Lakers,124,Washington Wizards,127,1341,OT,
2021-02-23T19:00:00,Tuesday,Cleveland Cavaliers,112,Atlanta Hawks,111,1341,,
2021-02-23T19:00:00,Tuesday,Orlando Magic,93,Detroit Pistons,105,1341,,
2021-02-23T19:30:00,Tuesday,Brooklyn Nets,127,Sacramento Kings,118,1341,,
2021-02-23T19:30:00,Tuesday,Dallas Mavericks,110,Boston Celtics,107,1341,,
2021-02-23T19:30:00,Tuesday,New York Knicks,106,Golden State Warriors,114,1341,,
2021-02-23T19:30:00,Tuesday,Toronto Raptors,102,Philadelphia 76ers,109,1341,,
2021-02-23T20:00:00,Tuesday,Milwaukee Bucks,139,Minnesota Timberwolves,112,1341,,
2021-02-23T22:00:00,Tuesday,Denver Nuggets,111,Portland Trail Blazers,106,1341,,
2021-02-23T22:00:00,Tuesday,Los Angeles Clippers,135,Washington Wizards,116,1341,,
2021-02-24T19:30:00,Wednesday,Atlanta Hawks,127,Boston Celtics,112,1341,,
2021-02-24T19:30:00,Wednesday,Cleveland Cavaliers,112,Houston Rockets,96,1341,,
2021-02-24T19:30:00,Wednesday,Indiana Pacers,107,Golden State Warriors,111,1341,,
2021-02-24T20:00:00,Wednesday,New Orleans Pelicans,128,Detroit Pistons,118,1341,,
2021-02-24T20:00:00,Wednesday,Oklahoma City Thunder,102,San Antonio Spurs,99,1341,,
2021-02-24T20:00:00,Wednesday,Chicago Bulls,133,Minnesota Timberwolves,126,1341,OT,
2021-02-24T20:00:00,Wednesday,Miami Heat,116,Toronto Raptors,108,1341,,
2021-02-24T21:00:00,Wednesday,Phoenix Suns,121,Charlotte Hornets,124,1341,,
2021-02-24T22:00:00,Wednesday,Utah Jazz,114,Los Angeles Lakers,89,1341,,
2021-02-25T19:00:00,Thursday,Philadelphia 76ers,111,Dallas Mavericks,97,1341,,
2021-02-25T19:30:00,Thursday,Brooklyn Nets,129,Orlando Magic,92,1341,,
2021-02-25T19:30:00,Thursday,New York Knicks,140,Sacramento Kings,121,1341,,
2021-02-25T20:00:00,Thursday,Memphis Grizzlies,122,Los Angeles Clippers,94,1341,,
2021-02-25T21:00:00,Thursday,Denver Nuggets,110,Washington Wizards,112,1341,,
2021-02-25T21:30:00,Thursday,Milwaukee Bucks,129,New Orleans Pelicans,125,1341,,
2021-02-26T19:30:00,Friday,Toronto Raptors,122,Houston Rockets,111,1341,,
2021-02-26T19:30:00,Friday,Boston Celtics,118,Indiana Pacers,112,1341,,
2021-02-26T20:00:00,Friday,Chicago Bulls,97,Phoenix Suns,106,1341,,
2021-02-26T20:00:00,Friday,Detroit Pistons,107,Sacramento Kings,110,1341,,
2021-02-26T20:00:00,Friday,Memphis Grizzlies,99,Los Angeles Clippers,119,1341,,
2021-02-26T20:00:00,Friday,Miami Heat,124,Utah Jazz,116,1341,,
2021-02-26T20:00:00,Friday,Oklahoma City Thunder,118,Atlanta Hawks,109,1341,,
2021-02-26T22:00:00,Friday,Golden State Warriors,130,Charlotte Hornets,121,1341,,
2021-02-26T22:00:00,Friday,Los Angeles Lakers,102,Portland Trail Blazers,93,1341,,
2021-02-27T19:00:00,Saturday,Washington Wizards,128,Minnesota Timberwolves,112,1341,,
2021-02-27T19:00:00,Saturday,Philadelphia 76ers,109,Cleveland Cavaliers,112,1341,OT,
2021-02-27T20:00:00,Saturday,New York Knicks,110,Indiana Pacers,107,1341,,
2021-02-27T20:00:00,Saturday,Oklahoma City Thunder,96,Denver Nuggets,126,1341,,
2021-02-27T20:00:00,Saturday,Orlando Magic,109,Utah Jazz,124,1341,,
2021-02-27T20:00:00,Saturday,San Antonio Spurs,117,New Orleans Pelicans,114,1341,,
2021-02-27T20:30:00,Saturday,Brooklyn Nets,98,Dallas Mavericks,115,1341,,
2021-02-28T15:30:00,Sunday,Milwaukee Bucks,105,Los Angeles Clippers,100,1341,,
2021-02-28T19:00:00,Sunday,Boston Celtics,111,Washington Wizards,110,1341,,
2021-02-28T20:00:00,Sunday,Miami Heat,109,Atlanta Hawks,99,1341,,
2021-02-28T20:00:00,Sunday,Houston Rockets,84,Memphis Grizzlies,133,1341,,
2021-02-28T20:00:00,Sunday,Detroit Pistons,90,New York Knicks,109,1341,,
2021-02-28T20:00:00,Sunday,Los Angeles Lakers,117,Golden State Warriors,91,1341,,
2021-02-28T21:00:00,Sunday,Minnesota Timberwolves,99,Phoenix Suns,118,1341,,
2021-02-28T22:00:00,Sunday,Sacramento Kings,126,Charlotte Hornets,127,1341,,
2021-03-01T19:00:00,Monday,Orlando Magic,124,Dallas Mavericks,130,3766,,
2021-03-01T19:00:00,Monday,Philadelphia 76ers,130,Indiana Pacers,114,3766,,
2021-03-01T20:00:00,Monday,Chicago Bulls,112,Denver Nuggets,118,3766,,
2021-03-01T20:00:00,Monday,New Orleans Pelicans,129,Utah Jazz,124,3766,,
2021-03-01T20:30:00,Monday,San Antonio Spurs,113,Brooklyn Nets,124,3766,OT,
2021-03-01T21:00:00,Monday,Houston Rockets,90,Cleveland Cavaliers,101,3766,,
2021-03-01T22:30:00,Monday,Portland Trail Blazers,123,Charlotte Hornets,111,3766,,
2021-03-02T19:00:00,Tuesday,Washington Wizards,111,Memphis Grizzlies,125,3766,,
2021-03-02T19:30:00,Tuesday,Boston Celtics,117,Los Angeles Clippers,112,3766,,
2021-03-02T19:30:00,Tuesday,Miami Heat,80,Atlanta Hawks,94,3766,,
2021-03-02T20:30:00,Tuesday,San Antonio Spurs,119,New York Knicks,93,3766,,
2021-03-02T21:00:00,Tuesday,Milwaukee Bucks,97,Denver Nuggets,128,3766,,
2021-03-02T22:00:00,Tuesday,Los Angeles Lakers,104,Phoenix Suns,114,3766,,
2021-03-03T19:00:00,Wednesday,Toronto Raptors,105,Detroit Pistons,129,3766,,
2021-03-03T19:00:00,Wednesday,Cleveland Cavaliers,111,Indiana Pacers,114,3766,,
2021-03-03T19:00:00,Wednesday,Philadelphia 76ers,131,Utah Jazz,123,3766,OT,
2021-03-03T19:30:00,Wednesday,Houston Rockets,114,Brooklyn Nets,132,3766,,
2021-03-03T20:00:00,Wednesday,Minnesota Timberwolves,102,Charlotte Hornets,135,3766,,
2021-03-03T20:00:00,Wednesday,New Orleans Pelicans,124,Chicago Bulls,128,3766,,
2021-03-03T20:00:00,Wednesday,Orlando Magic,112,Atlanta Hawks,115,3766,,
2021-03-03T20:30:00,Wednesday,Dallas Mavericks,87,Oklahoma City Thunder,78,3766,,
2021-03-03T22:00:00,Wednesday,Portland Trail Blazers,108,Golden State Warriors,106,3766,,
2021-03-03T22:00:00,Wednesday,Sacramento Kings,123,Los Angeles Lakers,120,3766,,
2021-03-04T19:00:00,Thursday,Boston Celtics,132,Toronto Raptors,125,3766,,
2021-03-04T19:00:00,Thursday,Washington Wizards,119,Los Angeles Clippers,117,3766,,
2021-03-04T19:30:00,Thursday,New York Knicks,114,Detroit Pistons,104,3766,,
2021-03-04T20:00:00,Thursday,Indiana Pacers,103,Denver Nuggets,113,3766,,
2021-03-04T20:00:00,Thursday,Memphis Grizzlies,111,Milwaukee Bucks,112,3766,,
2021-03-04T20:30:00,Thursday,New Orleans Pelicans,93,Miami Heat,103,3766,,
2021-03-04T21:00:00,Thursday,San Antonio Spurs,102,Oklahoma City Thunder,107,3766,,
2021-03-04T22:00:00,Thursday,Portland Trail Blazers,123,Sacramento Kings,119,3766,,
2021-03-04T22:00:00,Thursday,Phoenix Suns,120,Golden State Warriors,98,3766,,
2021-03-10T20:00:00,Wednesday,Memphis Grizzlies,127,Washington Wizards,112,3766,,
2021-03-10T20:30:00,Wednesday,Dallas Mavericks,115,San Antonio Spurs,104,3766,,
2021-03-11T19:00:00,Thursday,Charlotte Hornets,105,Detroit Pistons,102,3766,,
2021-03-11T19:30:00,Thursday,Brooklyn Nets,121,Boston Celtics,109,3766,,
2021-03-11T19:30:00,Thursday,Toronto Raptors,120,Atlanta Hawks,121,3766,,
2021-03-11T20:00:00,Thursday,Milwaukee Bucks,134,New York Knicks,101,3766,,
2021-03-11T20:00:00,Thursday,Chicago Bulls,105,Philadelphia 76ers,127,3766,,
2021-03-11T20:00:00,Thursday,Miami Heat,111,Orlando Magic,103,3766,,
2021-03-11T20:00:00,Thursday,New Orleans Pelicans,105,Minnesota Timberwolves,135,3766,,
2021-03-11T21:00:00,Thursday,Oklahoma City Thunder,116,Dallas Mavericks,108,3766,,
2021-03-11T22:00:00,Thursday,Los Angeles Clippers,130,Golden State Warriors,104,3766,,
2021-03-11T22:00:00,Thursday,Portland Trail Blazers,121,Phoenix Suns,127,3766,,
2021-03-11T22:00:00,Thursday,Sacramento Kings,125,Houston Rockets,105,3766,,
2021-03-12T20:00:00,Friday,New Orleans Pelicans,116,Cleveland Cavaliers,82,3766,,
2021-03-12T20:00:00,Friday,Washington Wizards,101,Philadelphia 76ers,127,3766,,
2021-03-12T20:00:00,Friday,Memphis Grizzlies,102,Denver Nuggets,103,3766,,
2021-03-12T21:00:00,Friday,San Antonio Spurs,104,Orlando Magic,77,3766,,
2021-03-12T21:00:00,Friday,Chicago Bulls,90,Miami Heat,101,3766,,
2021-03-12T22:00:00,Friday,Utah Jazz,114,Houston Rockets,99,3766,,
2021-03-12T22:30:00,Friday,Los Angeles Lakers,105,Indiana Pacers,100,3766,,
2021-03-13T14:00:00,Saturday,Oklahoma City Thunder,97,New York Knicks,119,3766,,
2021-03-13T19:00:00,Saturday,Brooklyn Nets,100,Detroit Pistons,95,3766,,
2021-03-13T19:00:00,Saturday,Charlotte Hornets,114,Toronto Raptors,104,3766,,
2021-03-13T19:00:00,Saturday,Washington Wizards,119,Milwaukee Bucks,125,3766,,
2021-03-13T19:30:00,Saturday,Atlanta Hawks,121,Sacramento Kings,106,3766,,
2021-03-13T20:00:00,Saturday,Minnesota Timberwolves,121,Portland Trail Blazers,125,3766,,
2021-03-13T22:00:00,Saturday,Denver Nuggets,103,Dallas Mavericks,116,3766,,
2021-03-13T22:00:00,Saturday,Phoenix Suns,111,Indiana Pacers,122,3766,,
2021-03-14T14:00:00,Sunday,Oklahoma City Thunder,128,Memphis Grizzlies,122,3766,,
2021-03-14T16:00:00,Sunday,Golden State Warriors,131,Utah Jazz,119,3766,,
2021-03-14T18:30:00,Sunday,Philadelphia 76ers,134,San Antonio Spurs,99,3766,,
2021-03-14T19:00:00,Sunday,Orlando Magic,97,Miami Heat,102,3766,,
2021-03-14T19:30:00,Sunday,Atlanta Hawks,100,Cleveland Cavaliers,82,3766,,
2021-03-14T20:00:00,Sunday,Minnesota Timberwolves,114,Portland Trail Blazers,112,3766,,
2021-03-14T20:00:00,Sunday,Houston Rockets,107,Boston Celtics,134,3766,,
2021-03-14T21:00:00,Sunday,Chicago Bulls,118,Toronto Raptors,95,3766,,
2021-03-14T21:00:00,Sunday,New Orleans Pelicans,135,Los Angeles Clippers,115,3766,,
2021-03-15T19:00:00,Monday,Charlotte Hornets,122,Sacramento Kings,116,3766,,
2021-03-15T19:00:00,Monday,Washington Wizards,122,Milwaukee Bucks,133,3766,,
2021-03-15T20:00:00,Monday,Brooklyn Nets,117,New York Knicks,112,3766,,
2021-03-15T20:00:00,Monday,Detroit Pistons,99,San Antonio Spurs,109,3766,,
2021-03-15T21:00:00,Monday,Dallas Mavericks,99,Los Angeles Clippers,109,3766,,
2021-03-15T22:00:00,Monday,Denver Nuggets,121,Indiana Pacers,106,3766,,
2021-03-15T22:00:00,Monday,Phoenix Suns,122,Memphis Grizzlies,99,3766,,
2021-03-15T22:30:00,Monday,Golden State Warriors,97,Los Angeles Lakers,128,3766,,
2021-03-16T19:30:00,Tuesday,Boston Celtics,109,Utah Jazz,117,3766,,
2021-03-16T20:00:00,Tuesday,Chicago Bulls,123,Oklahoma City Thunder,102,3766,,
2021-03-16T20:00:00,Tuesday,Houston Rockets,107,Atlanta Hawks,119,3766,,
2021-03-16T20:00:00,Tuesday,Miami Heat,113,Cleveland Cavaliers,98,3766,,
2021-03-16T20:00:00,Tuesday,Philadelphia 76ers,99,New York Knicks,96,3766,,
2021-03-16T22:00:00,Tuesday,Portland Trail Blazers,125,New Orleans Pelicans,124,3766,,
2021-03-16T22:30:00,Tuesday,Los Angeles Lakers,137,Minnesota Timberwolves,121,3766,,
2021-03-17T19:00:00,Wednesday,Washington Wizards,119,Sacramento Kings,121,3766,,
2021-03-17T19:00:00,Wednesday,Philadelphia 76ers,105,Milwaukee Bucks,109,3766,OT,
2021-03-17T19:00:00,Wednesday,Detroit Pistons,116,Toronto Raptors,112,3766,,
2021-03-17T19:00:00,Wednesday,Indiana Pacers,115,Brooklyn Nets,124,3766,,
2021-03-17T20:00:00,Wednesday,Chicago Bulls,99,San Antonio Spurs,106,3766,,
2021-03-17T20:00:00,Wednesday,Cleveland Cavaliers,117,Boston Celtics,110,3766,,
2021-03-17T20:00:00,Wednesday,Houston Rockets,94,Golden State Warriors,108,3766,,
2021-03-17T21:00:00,Wednesday,Denver Nuggets,129,Charlotte Hornets,104,3766,,
2021-03-17T21:00:00,Wednesday,Memphis Grizzlies,89,Miami Heat,85,3766,,
2021-03-17T21:30:00,Wednesday,Dallas Mavericks,105,Los Angeles Clippers,89,3766,,
2021-03-18T19:00:00,Thursday,Washington Wizards,131,Utah Jazz,122,3766,,
2021-03-18T19:30:00,Thursday,New York Knicks,94,Orlando Magic,93,3766,,
2021-03-18T19:30:00,Thursday,Atlanta Hawks,116,Oklahoma City Thunder,93,3766,,
2021-03-18T22:00:00,Thursday,Phoenix Suns,119,Minnesota Timberwolves,123,3766,,
2021-03-18T22:00:00,Thursday,Portland Trail Blazers,101,New Orleans Pelicans,93,3766,,
2021-03-18T22:30:00,Thursday,Los Angeles Lakers,116,Charlotte Hornets,105,3766,,
2021-03-19T19:30:00,Friday,Boston Celtics,96,Sacramento Kings,107,3766,,
2021-03-19T19:30:00,Friday,Cleveland Cavaliers,110,San Antonio Spurs,116,3766,,
2021-03-19T20:00:00,Friday,Toronto Raptors,112,Utah Jazz,115,3766,,
2021-03-19T20:00:00,Friday,Miami Heat,110,Indiana Pacers,137,3766,,
2021-03-19T20:00:00,Friday,Orlando Magic,121,Brooklyn Nets,113,3766,,
2021-03-19T20:00:00,Friday,Houston Rockets,100,Detroit Pistons,113,3766,,
2021-03-19T20:00:00,Friday,Memphis Grizzlies,103,Golden State Warriors,116,3766,,
2021-03-19T21:00:00,Friday,Denver Nuggets,131,Chicago Bulls,127,3766,OT,
2021-03-19T22:00:00,Friday,Phoenix Suns,113,Minnesota Timberwolves,101,3766,,
2021-03-19T22:00:00,Friday,Portland Trail Blazers,125,Dallas Mavericks,119,3766,,
2021-03-20T15:30:00,Saturday,Los Angeles Lakers,94,Atlanta Hawks,99,3766,,
2021-03-20T20:00:00,Saturday,Memphis Grizzlies,111,Golden State Warriors,103,3766,,
2021-03-20T20:00:00,Saturday,Philadelphia 76ers,129,Sacramento Kings,105,3766,,
2021-03-20T21:00:00,Saturday,Milwaukee Bucks,120,San Antonio Spurs,113,3766,,
2021-03-20T22:00:00,Saturday,Los Angeles Clippers,125,Charlotte Hornets,98,3766,,
2021-03-21T13:00:00,Sunday,Miami Heat,106,Indiana Pacers,109,3766,OT,
2021-03-21T14:00:00,Sunday,Houston Rockets,112,Oklahoma City Thunder,114,3766,,
2021-03-21T15:00:00,Sunday,Denver Nuggets,108,New Orleans Pelicans,113,3766,,
2021-03-21T15:30:00,Sunday,Boston Celtics,112,Orlando Magic,96,3766,,
2021-03-21T19:00:00,Sunday,Brooklyn Nets,113,Washington Wizards,106,3766,,
2021-03-21T19:00:00,Sunday,Cleveland Cavaliers,116,Toronto Raptors,105,3766,,
2021-03-21T19:00:00,Sunday,Detroit Pistons,86,Chicago Bulls,100,3766,,
2021-03-21T20:00:00,Sunday,New York Knicks,100,Philadelphia 76ers,101,3766,OT,
2021-03-21T22:00:00,Sunday,Portland Trail Blazers,92,Dallas Mavericks,132,3766,,
2021-03-21T22:00:00,Sunday,Phoenix Suns,111,Los Angeles Lakers,94,3766,,
2021-03-22T19:30:00,Monday,Cleveland Cavaliers,105,Sacramento Kings,119,3766,,
2021-03-22T20:00:00,Monday,Minnesota Timberwolves,103,Oklahoma City Thunder,112,3766,,
2021-03-22T20:30:00,Monday,San Antonio Spurs,97,Charlotte Hornets,100,3766,,
2021-03-22T21:00:00,Monday,Chicago Bulls,95,Utah Jazz,120,3766,,
2021-03-22T21:00:00,Monday,Houston Rockets,117,Toronto Raptors,99,3766,,
2021-03-22T21:00:00,Monday,Memphis Grizzlies,132,Boston Celtics,126,3766,OT,
2021-03-22T21:00:00,Monday,Milwaukee Bucks,140,Indiana Pacers,113,3766,,
2021-03-22T22:00:00,Monday,Los Angeles Clippers,119,Atlanta Hawks,110,3766,,
2021-03-23T19:00:00,Tuesday,Orlando Magic,99,Denver Nuggets,110,3766,,
2021-03-23T19:30:00,Tuesday,New York Knicks,131,Washington Wizards,113,3766,,
2021-03-23T19:30:00,Tuesday,New Orleans Pelicans,128,Los Angeles Lakers,111,3766,,
2021-03-23T20:00:00,Tuesday,Miami Heat,100,Phoenix Suns,110,3766,,
2021-03-23T22:00:00,Tuesday,Golden State Warriors,98,Philadelphia 76ers,108,3766,,
2021-03-23T22:00:00,Tuesday,Portland Trail Blazers,112,Brooklyn Nets,116,3766,,
2021-03-24T19:00:00,Wednesday,Indiana Pacers,116,Detroit Pistons,111,3766,,
2021-03-24T19:30:00,Wednesday,Milwaukee Bucks,121,Boston Celtics,119,3766,,
2021-03-24T19:30:00,Wednesday,Toronto Raptors,135,Denver Nuggets,111,3766,,
2021-03-24T20:00:00,Wednesday,Orlando Magic,112,Phoenix Suns,111,3766,,
2021-03-24T20:00:00,Wednesday,Oklahoma City Thunder,107,Memphis Grizzlies,116,3766,,
2021-03-24T20:00:00,Wednesday,Chicago Bulls,94,Cleveland Cavaliers,103,3766,,
2021-03-24T20:00:00,Wednesday,Houston Rockets,97,Charlotte Hornets,122,3766,,
2021-03-24T20:00:00,Wednesday,Minnesota Timberwolves,108,Dallas Mavericks,128,3766,,
2021-03-24T20:30:00,Wednesday,San Antonio Spurs,101,Los Angeles Clippers,134,3766,,
2021-03-24T22:00:00,Wednesday,Sacramento Kings,110,Atlanta Hawks,108,3766,,
2021-03-24T22:00:00,Wednesday,Utah Jazz,118,Brooklyn Nets,88,3766,,
2021-03-25T19:30:00,Thursday,Miami Heat,122,Portland Trail Blazers,125,3766,,
2021-03-25T19:30:00,Thursday,New York Knicks,106,Washington Wizards,102,3766,,
2021-03-25T20:30:00,Thursday,San Antonio Spurs,85,Los Angeles Clippers,98,3766,,
2021-03-25T22:00:00,Thursday,Los Angeles Lakers,101,Philadelphia 76ers,109,3766,,
2021-03-25T22:00:00,Thursday,Sacramento Kings,141,Golden State Warriors,119,3766,,
2021-03-26T19:00:00,Friday,Detroit Pistons,111,Brooklyn Nets,113,3766,,
2021-03-26T19:30:00,Friday,Milwaukee Bucks,114,Boston Celtics,122,3766,,
2021-03-26T19:30:00,Friday,Toronto Raptors,100,Phoenix Suns,104,3766,,
2021-03-26T20:00:00,Friday,Orlando Magic,105,Portland Trail Blazers,112,3766,,
2021-03-26T20:00:00,Friday,New Orleans Pelicans,108,Denver Nuggets,113,3766,,
2021-03-26T20:00:00,Friday,Minnesota Timberwolves,107,Houston Rockets,101,3766,,
2021-03-26T20:00:00,Friday,Charlotte Hornets,110,Miami Heat,105,3766,,
2021-03-26T20:30:00,Friday,Dallas Mavericks,94,Indiana Pacers,109,3766,,
2021-03-26T21:00:00,Friday,Utah Jazz,117,Memphis Grizzlies,114,3766,,
2021-03-26T22:00:00,Friday,Golden State Warriors,108,Atlanta Hawks,124,3766,,
2021-03-26T22:30:00,Friday,Los Angeles Lakers,100,Cleveland Cavaliers,86,3766,,
2021-03-27T20:00:00,Saturday,Milwaukee Bucks,96,New York Knicks,102,3766,,
2021-03-27T20:00:00,Saturday,Minnesota Timberwolves,107,Houston Rockets,129,3766,,
2021-03-27T20:00:00,Saturday,Washington Wizards,106,Detroit Pistons,92,3766,,
2021-03-27T20:30:00,Saturday,San Antonio Spurs,120,Chicago Bulls,104,3766,,
2021-03-27T21:00:00,Saturday,New Orleans Pelicans,112,Dallas Mavericks,103,3766,,
2021-03-27T21:00:00,Saturday,Oklahoma City Thunder,94,Boston Celtics,111,3766,,
2021-03-27T21:00:00,Saturday,Utah Jazz,126,Memphis Grizzlies,110,3766,,
2021-03-27T22:00:00,Saturday,Los Angeles Clippers,122,Philadelphia 76ers,112,3766,,
2021-03-27T22:00:00,Saturday,Sacramento Kings,100,Cleveland Cavaliers,98,3766,,
2021-03-28T13:00:00,Sunday,Charlotte Hornets,97,Phoenix Suns,101,3766,OT,
2021-03-28T19:00:00,Sunday,Toronto Raptors,117,Portland Trail Blazers,122,3766,,
2021-03-28T21:00:00,Sunday,Denver Nuggets,126,Atlanta Hawks,102,3766,,
2021-03-28T22:00:00,Sunday,Los Angeles Lakers,96,Orlando Magic,93,3766,,
2021-03-29T19:00:00,Monday,Washington Wizards,132,Indiana Pacers,124,3766,,
2021-03-29T19:30:00,Monday,Boston Celtics,109,New Orleans Pelicans,115,3766,,
2021-03-29T19:30:00,Monday,Brooklyn Nets,112,Minnesota Timberwolves,107,3766,,
2021-03-29T19:30:00,Monday,New York Knicks,88,Miami Heat,98,3766,,
2021-03-29T20:00:00,Monday,Detroit Pistons,118,Toronto Raptors,104,3766,,
2021-03-29T20:00:00,Monday,Houston Rockets,110,Memphis Grizzlies,120,3766,,
2021-03-29T20:00:00,Monday,Oklahoma City Thunder,106,Dallas Mavericks,127,3766,,
2021-03-29T20:30:00,Monday,San Antonio Spurs,115,Sacramento Kings,132,3766,,
2021-03-29T21:00:00,Monday,Utah Jazz,114,Cleveland Cavaliers,75,3766,,
2021-03-29T22:00:00,Monday,Golden State Warriors,116,Chicago Bulls,102,3766,,
2021-03-29T22:00:00,Monday,Los Angeles Clippers,129,Milwaukee Bucks,105,3766,,
2021-03-30T19:00:00,Tuesday,Washington Wizards,104,Charlotte Hornets,114,3766,,
2021-03-30T21:00:00,Tuesday,Denver Nuggets,104,Philadelphia 76ers,95,3766,,
2021-03-30T22:00:00,Tuesday,Los Angeles Clippers,96,Orlando Magic,103,3766,,
2021-03-30T22:00:00,Tuesday,Phoenix Suns,117,Atlanta Hawks,110,3766,,
2021-03-31T19:00:00,Wednesday,Detroit Pistons,101,Portland Trail Blazers,124,3766,,
2021-03-31T19:00:00,Wednesday,Indiana Pacers,87,Miami Heat,92,3766,,
2021-03-31T19:30:00,Wednesday,Brooklyn Nets,120,Houston Rockets,108,3766,,
2021-03-31T19:30:00,Wednesday,Boston Celtics,108,Dallas Mavericks,113,3766,,
2021-03-31T20:00:00,Wednesday,Memphis Grizzlies,107,Utah Jazz,111,3766,,
2021-03-31T20:00:00,Wednesday,Minnesota Timberwolves,102,New York Knicks,101,3766,,
2021-03-31T20:00:00,Wednesday,Oklahoma City Thunder,113,Toronto Raptors,103,3766,,
2021-03-31T20:30:00,Wednesday,San Antonio Spurs,120,Sacramento Kings,106,3766,,
2021-03-31T22:00:00,Wednesday,Los Angeles Lakers,97,Milwaukee Bucks,112,3766,,
2021-03-31T22:00:00,Wednesday,Phoenix Suns,121,Chicago Bulls,116,3766,,
2021-04-01T19:00:00,Thursday,Cleveland Cavaliers,94,Philadelphia 76ers,114,4100,,
2021-04-01T19:00:00,Thursday,Detroit Pistons,120,Washington Wizards,91,4100,,
2021-04-01T19:30:00,Thursday,Brooklyn Nets,111,Charlotte Hornets,89,4100,,
2021-04-01T20:00:00,Thursday,Miami Heat,116,Golden State Warriors,109,4100,,
2021-04-01T20:00:00,Thursday,New Orleans Pelicans,110,Orlando Magic,115,4100,OT,
2021-04-01T20:30:00,Thursday,San Antonio Spurs,129,Atlanta Hawks,134,4100,2OT,
2021-04-01T22:00:00,Thursday,Los Angeles Clippers,94,Denver Nuggets,101,4100,,
2021-04-02T19:00:00,Friday,Toronto Raptors,130,Golden State Warriors,77,4100,,
2021-04-02T19:30:00,Friday,Boston Celtics,118,Houston Rockets,102,4100,,
2021-04-02T19:30:00,Friday,New York Knicks,86,Dallas Mavericks,99,4100,,
2021-04-02T20:00:00,Friday,Memphis Grizzlies,120,Minnesota Timberwolves,108,4100,,
2021-04-02T20:00:00,Friday,Indiana Pacers,97,Charlotte Hornets,114,4100,,
2021-04-02T21:00:00,Friday,New Orleans Pelicans,103,Atlanta Hawks,126,4100,,
2021-04-02T21:00:00,Friday,Utah Jazz,113,Chicago Bulls,106,4100,,
2021-04-02T22:00:00,Friday,Phoenix Suns,140,Oklahoma City Thunder,103,4100,,
2021-04-02T22:00:00,Friday,Portland Trail Blazers,109,Milwaukee Bucks,127,4100,,
2021-04-02T22:00:00,Friday,Sacramento Kings,94,Los Angeles Lakers,115,4100,,
2021-04-03T19:00:00,Saturday,Washington Wizards,87,Dallas Mavericks,109,4100,,
2021-04-03T20:00:00,Saturday,Detroit Pistons,81,New York Knicks,125,4100,,
2021-04-03T20:00:00,Saturday,Miami Heat,115,Cleveland Cavaliers,101,4100,,
2021-04-03T20:00:00,Saturday,Philadelphia 76ers,122,Minnesota Timberwolves,113,4100,,
2021-04-03T21:00:00,Saturday,San Antonio Spurs,133,Indiana Pacers,139,4100,OT,
2021-04-03T21:00:00,Saturday,Utah Jazz,137,Orlando Magic,91,4100,,
2021-04-03T22:00:00,Saturday,Portland Trail Blazers,133,Oklahoma City Thunder,85,4100,,
2021-04-03T22:00:00,Saturday,Sacramento Kings,128,Milwaukee Bucks,129,4100,,
2021-04-04T14:00:00,Sunday,Chicago Bulls,115,Brooklyn Nets,107,4100,,
2021-04-04T15:30:00,Sunday,Los Angeles Clippers,104,Los Angeles Lakers,86,4100,,
2021-04-04T18:00:00,Sunday,Boston Celtics,116,Charlotte Hornets,86,4100,,
2021-04-04T19:00:00,Sunday,Philadelphia 76ers,100,Memphis Grizzlies,116,4100,,
2021-04-04T19:30:00,Sunday,Atlanta Hawks,117,Golden State Warriors,111,4100,,
2021-04-04T20:00:00,Sunday,Houston Rockets,115,New Orleans Pelicans,122,4100,,
2021-04-04T22:00:00,Sunday,Denver Nuggets,119,Orlando Magic,109,4100,,
2021-04-05T19:00:00,Monday,Brooklyn Nets,114,New York Knicks,112,4100,,
2021-04-05T19:00:00,Monday,Dallas Mavericks,111,Utah Jazz,103,4100,,
2021-04-05T19:00:00,Monday,Minnesota Timberwolves,116,Sacramento Kings,106,4100,,
2021-04-05T19:00:00,Monday,Oklahoma City Thunder,108,Detroit Pistons,132,4100,,
2021-04-05T19:00:00,Monday,San Antonio Spurs,101,Cleveland Cavaliers,125,4100,,
2021-04-05T19:00:00,Monday,Toronto Raptors,103,Washington Wizards,101,4100,,
2021-04-05T20:00:00,Monday,Houston Rockets,130,Phoenix Suns,133,4100,,
2021-04-06T19:00:00,Tuesday,Indiana Pacers,97,Chicago Bulls,113,4100,,
2021-04-06T19:30:00,Tuesday,Atlanta Hawks,123,New Orleans Pelicans,107,4100,,
2021-04-06T19:30:00,Tuesday,Boston Celtics,96,Philadelphia 76ers,106,4100,,
2021-04-06T19:30:00,Tuesday,Toronto Raptors,101,Los Angeles Lakers,110,4100,,
2021-04-06T20:00:00,Tuesday,Miami Heat,112,Memphis Grizzlies,124,4100,,
2021-04-06T21:00:00,Tuesday,Denver Nuggets,134,Detroit Pistons,119,4100,,
2021-04-06T22:00:00,Tuesday,Los Angeles Clippers,133,Portland Trail Blazers,116,4100,,
2021-04-06T22:00:00,Tuesday,Golden State Warriors,122,Milwaukee Bucks,121,4100,,
2021-04-07T19:00:00,Wednesday,Indiana Pacers,141,Minnesota Timberwolves,137,4100,,
2021-04-07T19:00:00,Wednesday,Orlando Magic,116,Washington Wizards,131,4100,,
2021-04-07T19:30:00,Wednesday,Boston Celtics,101,New York Knicks,99,4100,,
2021-04-07T19:30:00,Wednesday,Brooklyn Nets,139,New Orleans Pelicans,111,4100,,
2021-04-07T20:00:00,Wednesday,Atlanta Hawks,113,Memphis Grizzlies,131,4100,,
2021-04-07T20:00:00,Wednesday,Houston Rockets,102,Dallas Mavericks,93,4100,,
2021-04-07T20:00:00,Wednesday,Oklahoma City Thunder,102,Charlotte Hornets,113,4100,,
2021-04-07T21:00:00,Wednesday,Denver Nuggets,106,San Antonio Spurs,96,4100,,
2021-04-07T22:00:00,Wednesday,Phoenix Suns,117,Utah Jazz,113,4100,OT,
2021-04-08T19:30:00,Thursday,Miami Heat,110,Los Angeles Lakers,104,4100,,
2021-04-08T19:30:00,Thursday,Toronto Raptors,113,Chicago Bulls,122,4100,,
2021-04-08T20:00:00,Thursday,Oklahoma City Thunder,102,Cleveland Cavaliers,129,4100,,
2021-04-08T21:00:00,Thursday,Dallas Mavericks,116,Milwaukee Bucks,101,4100,,
2021-04-08T22:00:00,Thursday,Los Angeles Clippers,113,Phoenix Suns,103,4100,,
2021-04-08T22:00:00,Thursday,Sacramento Kings,101,Detroit Pistons,113,4100,,
2021-04-08T22:00:00,Thursday,Utah Jazz,122,Portland Trail Blazers,103,4100,,
2021-04-09T19:00:00,Friday,Orlando Magic,106,Indiana Pacers,111,4100,,
2021-04-09T19:30:00,Friday,New York Knicks,133,Memphis Grizzlies,129,4100,OT,
2021-04-09T19:30:00,Friday,Boston Celtics,145,Minnesota Timberwolves,136,4100,OT,
2021-04-09T20:00:00,Friday,Atlanta Hawks,120,Chicago Bulls,108,4100,,
2021-04-09T20:00:00,Friday,New Orleans Pelicans,101,Philadelphia 76ers,94,4100,,
2021-04-09T21:00:00,Friday,Denver Nuggets,121,San Antonio Spurs,119,4100,,
2021-04-09T21:00:00,Friday,Milwaukee Bucks,119,Charlotte Hornets,127,4100,,
2021-04-09T22:00:00,Friday,Golden State Warriors,107,Washington Wizards,110,4100,,
2021-04-09T22:00:00,Friday,Los Angeles Clippers,126,Houston Rockets,109,4100,,
2021-04-10T19:30:00,Saturday,Cleveland Cavaliers,115,Toronto Raptors,135,4100,,
2021-04-10T20:30:00,Saturday,Brooklyn Nets,101,Los Angeles Lakers,126,4100,,
2021-04-10T21:00:00,Saturday,Utah Jazz,128,Sacramento Kings,112,4100,,
2021-04-10T21:00:00,Saturday,Oklahoma City Thunder,93,Philadelphia 76ers,117,4100,,
2021-04-10T22:00:00,Saturday,Golden State Warriors,125,Houston Rockets,109,4100,,
2021-04-10T22:00:00,Saturday,Phoenix Suns,134,Washington Wizards,106,4100,,
2021-04-10T22:00:00,Saturday,Portland Trail Blazers,118,Detroit Pistons,103,4100,,
2021-04-11T13:00:00,Sunday,Charlotte Hornets,101,Atlanta Hawks,105,4100,,
2021-04-11T15:00:00,Sunday,Denver Nuggets,87,Boston Celtics,105,4100,,
2021-04-11T19:00:00,Sunday,Cleveland Cavaliers,109,New Orleans Pelicans,116,4100,,
2021-04-11T19:00:00,Sunday,Orlando Magic,87,Milwaukee Bucks,124,4100,,
2021-04-11T20:00:00,Sunday,New York Knicks,102,Toronto Raptors,96,4100,,
2021-04-11T20:00:00,Sunday,Minnesota Timberwolves,121,Chicago Bulls,117,4100,,
2021-04-11T20:00:00,Sunday,Dallas Mavericks,117,San Antonio Spurs,119,4100,,
2021-04-11T20:00:00,Sunday,Memphis Grizzlies,125,Indiana Pacers,132,4100,,
2021-04-11T22:00:00,Sunday,Los Angeles Clippers,131,Detroit Pistons,124,4100,,
2021-04-11T22:00:00,Sunday,Portland Trail Blazers,98,Miami Heat,107,4100,,
2021-04-12T19:30:00,Monday,Dallas Mavericks,95,Philadelphia 76ers,113,4100,,
2021-04-12T19:30:00,Monday,New York Knicks,111,Los Angeles Lakers,96,4100,,
2021-04-12T20:00:00,Monday,Orlando Magic,97,San Antonio Spurs,120,4100,,
2021-04-12T21:00:00,Monday,Memphis Grizzlies,101,Chicago Bulls,90,4100,,
2021-04-12T21:00:00,Monday,New Orleans Pelicans,117,Sacramento Kings,110,4100,,
2021-04-12T21:00:00,Monday,Utah Jazz,121,Washington Wizards,125,4100,,
2021-04-12T22:00:00,Monday,Golden State Warriors,116,Denver Nuggets,107,4100,,
2021-04-12T22:00:00,Monday,Phoenix Suns,126,Houston Rockets,120,4100,,
2021-04-13T16:00:00,Tuesday,Minnesota Timberwolves,97,Brooklyn Nets,127,4100,,
2021-04-13T19:30:00,Tuesday,Toronto Raptors,103,Atlanta Hawks,108,4100,,
2021-04-13T19:30:00,Tuesday,Indiana Pacers,115,Los Angeles Clippers,126,4100,,
2021-04-13T20:00:00,Tuesday,Charlotte Hornets,93,Los Angeles Lakers,101,4100,,
2021-04-13T21:00:00,Tuesday,Utah Jazz,106,Oklahoma City Thunder,96,4100,,
2021-04-13T22:00:00,Tuesday,Phoenix Suns,106,Miami Heat,86,4100,,
2021-04-13T22:00:00,Tuesday,Portland Trail Blazers,115,Boston Celtics,116,4100,,
2021-04-14T16:30:00,Wednesday,Minnesota Timberwolves,105,Milwaukee Bucks,130,4100,,
2021-04-14T19:00:00,Wednesday,Charlotte Hornets,90,Cleveland Cavaliers,103,4100,,
2021-04-14T19:00:00,Wednesday,Philadelphia 76ers,123,Brooklyn Nets,117,4100,,
2021-04-14T19:30:00,Wednesday,Toronto Raptors,117,San Antonio Spurs,112,4100,,
2021-04-14T20:00:00,Wednesday,Chicago Bulls,106,Orlando Magic,115,4100,,
2021-04-14T20:00:00,Wednesday,Detroit Pistons,98,Los Angeles Clippers,100,4100,,
2021-04-14T20:00:00,Wednesday,New Orleans Pelicans,106,New York Knicks,116,4100,,
2021-04-14T21:00:00,Wednesday,Houston Rockets,124,Indiana Pacers,132,4100,,
2021-04-14T21:00:00,Wednesday,Oklahoma City Thunder,109,Golden State Warriors,147,4100,,
2021-04-14T21:30:00,Wednesday,Memphis Grizzlies,113,Dallas Mavericks,114,4100,,
2021-04-14T22:00:00,Wednesday,Denver Nuggets,123,Miami Heat,106,4100,,
2021-04-14T22:00:00,Wednesday,Sacramento Kings,111,Washington Wizards,123,4100,,
2021-04-15T19:30:00,Thursday,Atlanta Hawks,109,Milwaukee Bucks,120,4100,,
2021-04-15T20:00:00,Thursday,Cleveland Cavaliers,101,Golden State Warriors,119,4100,,
2021-04-15T22:00:00,Thursday,Phoenix Suns,122,Sacramento Kings,114,4100,,
2021-04-15T22:00:00,Thursday,Los Angeles Lakers,113,Boston Celtics,121,4100,,
2021-04-16T15:00:00,Friday,Utah Jazz,119,Indiana Pacers,111,4100,,
2021-04-16T19:00:00,Friday,Detroit Pistons,110,Oklahoma City Thunder,104,4100,,
2021-04-16T19:00:00,Friday,Philadelphia 76ers,106,Los Angeles Clippers,103,4100,,
2021-04-16T19:00:00,Friday,Washington Wizards,117,New Orleans Pelicans,115,4100,OT,
2021-04-16T19:30:00,Friday,Brooklyn Nets,130,Charlotte Hornets,115,4100,,
2021-04-16T19:30:00,Friday,Toronto Raptors,113,Orlando Magic,102,4100,,
2021-04-16T20:00:00,Friday,Minnesota Timberwolves,119,Miami Heat,111,4100,,
2021-04-16T20:00:00,Friday,Houston Rockets,99,Denver Nuggets,128,4100,,
2021-04-16T20:00:00,Friday,Chicago Bulls,115,Memphis Grizzlies,126,4100,,
2021-04-16T20:30:00,Friday,San Antonio Spurs,106,Portland Trail Blazers,107,4100,,
2021-04-16T21:30:00,Friday,Dallas Mavericks,109,New York Knicks,117,4100,,
2021-04-17T16:30:00,Saturday,Los Angeles Lakers,127,Utah Jazz,115,4100,OT,
2021-04-17T20:00:00,Saturday,Chicago Bulls,106,Cleveland Cavaliers,96,4100,,
2021-04-17T20:00:00,Saturday,Washington Wizards,121,Detroit Pistons,100,4100,,
2021-04-17T20:30:00,Saturday,Boston Celtics,119,Golden State Warriors,114,4100,,
2021-04-17T21:00:00,Saturday,Milwaukee Bucks,115,Memphis Grizzlies,128,4100,,
2021-04-17T22:00:00,Saturday,Phoenix Suns,85,San Antonio Spurs,111,4100,,
2021-04-18T13:00:00,Sunday,New York Knicks,122,New Orleans Pelicans,112,4100,OT,
2021-04-18T13:00:00,Sunday,Atlanta Hawks,129,Indiana Pacers,117,4100,,
2021-04-18T15:30:00,Sunday,Miami Heat,109,Brooklyn Nets,107,4100,,
2021-04-18T19:00:00,Sunday,Charlotte Hornets,109,Portland Trail Blazers,101,4100,,
2021-04-18T19:00:00,Sunday,Orlando Magic,110,Houston Rockets,114,4100,,
2021-04-18T19:00:00,Sunday,Toronto Raptors,112,Oklahoma City Thunder,106,4100,,
2021-04-18T19:30:00,Sunday,Dallas Mavericks,107,Sacramento Kings,121,4100,,
2021-04-18T22:00:00,Sunday,Los Angeles Clippers,124,Minnesota Timberwolves,105,4100,,
2021-04-19T19:00:00,Monday,Detroit Pistons,109,Cleveland Cavaliers,105,4100,,
2021-04-19T19:30:00,Monday,Boston Celtics,96,Chicago Bulls,102,4100,,
2021-04-19T19:30:00,Monday,Philadelphia 76ers,96,Golden State Warriors,107,4100,,
2021-04-19T20:00:00,Monday,Indiana Pacers,94,San Antonio Spurs,109,4100,,
2021-04-19T20:00:00,Monday,Miami Heat,113,Houston Rockets,91,4100,,
2021-04-19T20:00:00,Monday,Milwaukee Bucks,127,Phoenix Suns,128,4100,OT,
2021-04-19T20:00:00,Monday,Washington Wizards,119,Oklahoma City Thunder,107,4100,,
2021-04-19T21:00:00,Monday,Denver Nuggets,139,Memphis Grizzlies,137,4100,2OT,
2021-04-19T22:00:00,Monday,Los Angeles Lakers,97,Utah Jazz,111,4100,,
2021-04-20T19:30:00,Tuesday,New Orleans Pelicans,129,Brooklyn Nets,134,4100,,
2021-04-20T19:30:00,Tuesday,New York Knicks,109,Charlotte Hornets,97,4100,,
2021-04-20T19:30:00,Tuesday,Atlanta Hawks,112,Orlando Magic,96,4100,,
2021-04-20T22:00:00,Tuesday,Portland Trail Blazers,112,Los Angeles Clippers,113,4100,,
2021-04-20T22:00:00,Tuesday,Sacramento Kings,120,Minnesota Timberwolves,134,4100,,
2021-04-21T19:00:00,Wednesday,Cleveland Cavaliers,121,Chicago Bulls,105,4100,,
2021-04-21T19:00:00,Wednesday,Indiana Pacers,122,Oklahoma City Thunder,116,4100,,
2021-04-21T19:00:00,Wednesday,Philadelphia 76ers,113,Phoenix Suns,116,4100,,
2021-04-21T19:00:00,Wednesday,Toronto Raptors,114,Brooklyn Nets,103,4100,,
2021-04-21T19:00:00,Wednesday,Washington Wizards,118,Golden State Warriors,114,4100,,
2021-04-21T20:00:00,Wednesday,Houston Rockets,89,Utah Jazz,112,4100,,
2021-04-21T20:00:00,Wednesday,New York Knicks,137,Atlanta Hawks,127,4100,OT,
2021-04-21T20:30:00,Wednesday,Dallas Mavericks,127,Detroit Pistons,117,4100,,
2021-04-21T20:30:00,Wednesday,San Antonio Spurs,87,Miami Heat,107,4100,,
2021-04-21T22:00:00,Wednesday,Los Angeles Clippers,117,Memphis Grizzlies,105,4100,,
2021-04-21T22:00:00,Wednesday,Portland Trail Blazers,105,Denver Nuggets,106,4100,,
2021-04-21T22:00:00,Wednesday,Sacramento Kings,128,Minnesota Timberwolves,125,4100,,
2021-04-22T19:00:00,Thursday,Milwaukee Bucks,124,Philadelphia 76ers,117,4100,,
2021-04-22T19:00:00,Thursday,Boston Celtics,99,Phoenix Suns,86,4100,,
2021-04-22T19:00:00,Thursday,Orlando Magic,100,New Orleans Pelicans,135,4100,,
2021-04-22T20:30:00,Thursday,San Antonio Spurs,106,Detroit Pistons,91,4100,,
2021-04-22T21:00:00,Thursday,Chicago Bulls,108,Charlotte Hornets,91,4100,,
2021-04-22T21:30:00,Thursday,Dallas Mavericks,115,Los Angeles Lakers,110,4100,,
2021-04-23T19:30:00,Friday,Atlanta Hawks,118,Miami Heat,103,4100,,
2021-04-23T19:30:00,Friday,Brooklyn Nets,109,Boston Celtics,104,4100,,
2021-04-23T20:00:00,Friday,Charlotte Hornets,108,Cleveland Cavaliers,102,4100,,
2021-04-23T20:00:00,Friday,Houston Rockets,104,Los Angeles Clippers,109,4100,,
2021-04-23T20:00:00,Friday,Oklahoma City Thunder,109,Washington Wizards,129,4100,,
2021-04-23T22:00:00,Friday,Golden State Warriors,118,Denver Nuggets,97,4100,,
2021-04-23T22:00:00,Friday,Portland Trail Blazers,128,Memphis Grizzlies,130,4100,,
2021-04-24T13:00:00,Saturday,New York Knicks,120,Toronto Raptors,103,4100,,
2021-04-24T15:30:00,Saturday,Milwaukee Bucks,132,Philadelphia 76ers,94,4100,,
2021-04-24T19:00:00,Saturday,Indiana Pacers,115,Detroit Pistons,109,4100,,
2021-04-24T20:00:00,Saturday,Miami Heat,106,Chicago Bulls,101,4100,,
2021-04-24T20:00:00,Saturday,New Orleans Pelicans,108,San Antonio Spurs,110,4100,,
2021-04-24T20:30:00,Saturday,Dallas Mavericks,108,Los Angeles Lakers,93,4100,,
2021-04-24T21:00:00,Saturday,Utah Jazz,96,Minnesota Timberwolves,101,4100,,
2021-04-24T22:00:00,Saturday,Denver Nuggets,129,Houston Rockets,116,4100,,
2021-04-25T13:00:00,Sunday,Charlotte Hornets,125,Boston Celtics,104,4100,,
2021-04-25T15:30:00,Sunday,Brooklyn Nets,128,Phoenix Suns,119,4100,,
2021-04-25T16:00:00,Sunday,Portland Trail Blazers,113,Memphis Grizzlies,120,4100,,
2021-04-25T19:00:00,Sunday,Washington Wizards,119,Cleveland Cavaliers,110,4100,,
2021-04-25T19:30:00,Sunday,Atlanta Hawks,111,Milwaukee Bucks,104,4100,,
2021-04-25T20:00:00,Sunday,Orlando Magic,112,Indiana Pacers,131,4100,,
2021-04-25T22:00:00,Sunday,Golden State Warriors,117,Sacramento Kings,113,4100,,
2021-04-26T19:00:00,Monday,Washington Wizards,143,San Antonio Spurs,146,4100,OT,
2021-04-26T19:00:00,Monday,Philadelphia 76ers,121,Oklahoma City Thunder,90,4100,,
2021-04-26T19:00:00,Monday,Orlando Magic,103,Los Angeles Lakers,114,4100,,
2021-04-26T19:00:00,Monday,Detroit Pistons,100,Atlanta Hawks,86,4100,,
2021-04-26T19:30:00,Monday,New York Knicks,110,Phoenix Suns,118,4100,,
2021-04-26T19:30:00,Monday,Toronto Raptors,112,Cleveland Cavaliers,96,4100,,
2021-04-26T20:00:00,Monday,Miami Heat,102,Chicago Bulls,110,4100,,
2021-04-26T20:00:00,Monday,Minnesota Timberwolves,105,Utah Jazz,104,4100,,
2021-04-26T20:00:00,Monday,New Orleans Pelicans,120,Los Angeles Clippers,103,4100,,
2021-04-26T21:00:00,Monday,Denver Nuggets,120,Memphis Grizzlies,96,4100,,
2021-04-26T22:00:00,Monday,Sacramento Kings,113,Dallas Mavericks,106,4100,,
2021-04-27T19:00:00,Tuesday,Boston Celtics,115,Oklahoma City Thunder,119,4100,,
2021-04-27T19:00:00,Tuesday,Charlotte Hornets,104,Milwaukee Bucks,114,4100,,
2021-04-27T19:00:00,Tuesday,Indiana Pacers,112,Portland Trail Blazers,133,4100,,
2021-04-27T19:30:00,Tuesday,Toronto Raptors,103,Brooklyn Nets,116,4100,,
2021-04-27T21:00:00,Tuesday,Houston Rockets,107,Minnesota Timberwolves,114,4100,,
2021-04-27T21:30:00,Tuesday,Golden State Warriors,103,Dallas Mavericks,133,4100,,
2021-04-28T19:00:00,Wednesday,Cleveland Cavaliers,104,Orlando Magic,109,4100,,
2021-04-28T19:00:00,Wednesday,Philadelphia 76ers,127,Atlanta Hawks,83,4100,,
2021-04-28T19:30:00,Wednesday,Washington Wizards,116,Los Angeles Lakers,107,4100,,
2021-04-28T19:30:00,Wednesday,Boston Celtics,120,Charlotte Hornets,111,4100,,
2021-04-28T19:30:00,Wednesday,New York Knicks,113,Chicago Bulls,94,4100,,
2021-04-28T20:00:00,Wednesday,Miami Heat,116,San Antonio Spurs,111,4100,,
2021-04-28T21:00:00,Wednesday,Denver Nuggets,114,New Orleans Pelicans,112,4100,,
2021-04-28T21:00:00,Wednesday,Memphis Grizzlies,109,Portland Trail Blazers,130,4100,,
2021-04-28T22:00:00,Wednesday,Sacramento Kings,105,Utah Jazz,154,4100,,
2021-04-28T22:00:00,Wednesday,Phoenix Suns,109,Los Angeles Clippers,101,4100,,
2021-04-29T19:00:00,Thursday,Indiana Pacers,113,Brooklyn Nets,130,4100,,
2021-04-29T19:00:00,Thursday,Detroit Pistons,105,Dallas Mavericks,115,4100,,
2021-04-29T20:00:00,Thursday,Houston Rockets,143,Milwaukee Bucks,136,4100,,
2021-04-29T20:00:00,Thursday,Minnesota Timberwolves,126,Golden State Warriors,114,4100,,
2021-04-29T21:00:00,Thursday,Denver Nuggets,121,Toronto Raptors,111,4100,,
2021-04-29T21:00:00,Thursday,Oklahoma City Thunder,95,New Orleans Pelicans,109,4100,,
2021-04-30T19:00:00,Friday,Philadelphia 76ers,126,Atlanta Hawks,104,4100,,
2021-04-30T19:30:00,Friday,Boston Celtics,143,San Antonio Spurs,140,4100,OT,
2021-04-30T19:30:00,Friday,Cleveland Cavaliers,93,Washington Wizards,122,4100,,
2021-04-30T20:00:00,Friday,Brooklyn Nets,109,Portland Trail Blazers,128,4100,,
2021-04-30T20:00:00,Friday,Memphis Grizzlies,92,Orlando Magic,75,4100,,
2021-04-30T21:00:00,Friday,Chicago Bulls,98,Milwaukee Bucks,108,4100,,
2021-04-30T22:00:00,Friday,Phoenix Suns,121,Utah Jazz,100,4100,,
2021-04-30T22:30:00,Friday,Los Angeles Lakers,106,Sacramento Kings,110,4100,,
2021-05-01T19:00:00,Saturday,Charlotte Hornets,107,Detroit Pistons,94,3766,,
2021-05-01T19:30:00,Saturday,Houston Rockets,87,Golden State Warriors,113,3766,,
2021-05-01T20:00:00,Saturday,Oklahoma City Thunder,95,Indiana Pacers,152,3766,,
2021-05-01T20:00:00,Saturday,Minnesota Timberwolves,136,New Orleans Pelicans,140,3766,OT,
2021-05-01T20:00:00,Saturday,Orlando Magic,112,Memphis Grizzlies,111,3766,,
2021-05-01T20:00:00,Saturday,Atlanta Hawks,108,Chicago Bulls,97,3766,,
2021-05-01T20:00:00,Saturday,Cleveland Cavaliers,107,Miami Heat,124,3766,,
2021-05-01T21:00:00,Saturday,Dallas Mavericks,125,Washington Wizards,124,3766,,
2021-05-01T22:00:00,Saturday,Los Angeles Clippers,104,Denver Nuggets,110,3766,,
2021-05-01T22:00:00,Saturday,Utah Jazz,106,Toronto Raptors,102,3766,,
2021-05-02T15:30:00,Sunday,Milwaukee Bucks,117,Brooklyn Nets,114,3766,,
2021-05-02T19:30:00,Sunday,Boston Celtics,119,Portland Trail Blazers,129,3766,,
2021-05-02T20:00:00,Sunday,San Antonio Spurs,111,Philadelphia 76ers,113,3766,OT,
2021-05-02T20:00:00,Sunday,Oklahoma City Thunder,120,Phoenix Suns,123,3766,,
2021-05-02T20:00:00,Sunday,Dallas Mavericks,99,Sacramento Kings,111,3766,,
2021-05-02T20:00:00,Sunday,Charlotte Hornets,111,Miami Heat,121,3766,,
2021-05-02T20:00:00,Sunday,Houston Rockets,97,New York Knicks,122,3766,,
2021-05-02T22:00:00,Sunday,Los Angeles Lakers,114,Toronto Raptors,121,3766,,
2021-05-03T19:00:00,Monday,Detroit Pistons,112,Orlando Magic,119,3766,,
2021-05-03T19:00:00,Monday,Washington Wizards,154,Indiana Pacers,141,3766,,
2021-05-03T19:30:00,Monday,New Orleans Pelicans,108,Golden State Warriors,123,3766,,
2021-05-03T20:00:00,Monday,Atlanta Hawks,123,Portland Trail Blazers,114,3766,,
2021-05-03T21:00:00,Monday,Memphis Grizzlies,104,New York Knicks,118,3766,,
2021-05-03T21:00:00,Monday,Chicago Bulls,94,Philadelphia 76ers,106,3766,,
2021-05-03T22:00:00,Monday,Los Angeles Lakers,93,Denver Nuggets,89,3766,,
2021-05-03T22:00:00,Monday,Utah Jazz,110,San Antonio Spurs,99,3766,,
2021-05-04T19:00:00,Tuesday,Cleveland Cavaliers,118,Phoenix Suns,134,3766,OT,
2021-05-04T19:00:00,Tuesday,Detroit Pistons,99,Charlotte Hornets,102,3766,,
2021-05-04T19:30:00,Tuesday,Milwaukee Bucks,124,Brooklyn Nets,118,3766,,
2021-05-04T20:00:00,Tuesday,Miami Heat,113,Dallas Mavericks,127,3766,,
2021-05-04T20:00:00,Tuesday,New Orleans Pelicans,108,Golden State Warriors,103,3766,,
2021-05-04T20:00:00,Tuesday,Oklahoma City Thunder,99,Sacramento Kings,103,3766,,
2021-05-04T22:00:00,Tuesday,Los Angeles Clippers,105,Toronto Raptors,100,3766,,
2021-05-05T19:00:00,Wednesday,Orlando Magic,96,Boston Celtics,132,3766,,
2021-05-05T19:30:00,Wednesday,Cleveland Cavaliers,105,Portland Trail Blazers,141,3766,,
2021-05-05T20:00:00,Wednesday,Atlanta Hawks,135,Phoenix Suns,103,3766,,
2021-05-05T20:00:00,Wednesday,Houston Rockets,115,Philadelphia 76ers,135,3766,,
2021-05-05T20:00:00,Wednesday,Indiana Pacers,93,Sacramento Kings,104,3766,,
2021-05-05T20:00:00,Wednesday,Milwaukee Bucks,135,Washington Wizards,134,3766,,
2021-05-05T20:00:00,Wednesday,Minnesota Timberwolves,135,Memphis Grizzlies,139,3766,,
2021-05-05T21:00:00,Wednesday,Utah Jazz,126,San Antonio Spurs,94,3766,,
2021-05-05T21:00:00,Wednesday,Denver Nuggets,113,New York Knicks,97,3766,,
2021-05-06T19:00:00,Thursday,Charlotte Hornets,99,Chicago Bulls,120,3766,,
2021-05-06T19:30:00,Thursday,Dallas Mavericks,113,Brooklyn Nets,109,3766,,
2021-05-06T19:30:00,Thursday,Toronto Raptors,129,Washington Wizards,131,3766,OT,
2021-05-06T20:00:00,Thursday,Detroit Pistons,111,Memphis Grizzlies,97,3766,,
2021-05-06T20:00:00,Thursday,Indiana Pacers,133,Atlanta Hawks,126,3766,,
2021-05-06T22:00:00,Thursday,Golden State Warriors,118,Oklahoma City Thunder,97,3766,,
2021-05-06T22:00:00,Thursday,Los Angeles Clippers,118,Los Angeles Lakers,94,3766,,
2021-05-07T19:00:00,Friday,Philadelphia 76ers,109,New Orleans Pelicans,107,3766,,
2021-05-07T19:30:00,Friday,Chicago Bulls,121,Boston Celtics,99,3766,,
2021-05-07T20:00:00,Friday,Charlotte Hornets,122,Orlando Magic,112,3766,,
2021-05-07T20:00:00,Friday,Miami Heat,121,Minnesota Timberwolves,112,3766,,
2021-05-07T20:00:00,Friday,Milwaukee Bucks,141,Houston Rockets,133,3766,,
2021-05-07T20:30:00,Friday,Dallas Mavericks,110,Cleveland Cavaliers,90,3766,,
2021-05-07T21:00:00,Friday,Utah Jazz,127,Denver Nuggets,120,3766,,
2021-05-07T22:00:00,Friday,Phoenix Suns,128,New York Knicks,105,3766,,
2021-05-07T22:00:00,Friday,Portland Trail Blazers,106,Los Angeles Lakers,101,3766,,
2021-05-07T22:00:00,Friday,Sacramento Kings,104,San Antonio Spurs,113,3766,,
2021-05-08T19:00:00,Saturday,Philadelphia 76ers,118,Detroit Pistons,104,3766,,
2021-05-08T19:00:00,Saturday,Indiana Pacers,132,Washington Wizards,133,3766,OT,
2021-05-08T19:30:00,Saturday,Toronto Raptors,99,Memphis Grizzlies,109,3766,,
2021-05-08T22:00:00,Saturday,Denver Nuggets,119,Brooklyn Nets,125,3766,,
2021-05-08T22:00:00,Saturday,Golden State Warriors,136,Oklahoma City Thunder,97,3766,,
2021-05-08T22:00:00,Saturday,Portland Trail Blazers,124,San Antonio Spurs,102,3766,,
2021-05-08T22:00:00,Saturday,Utah Jazz,124,Houston Rockets,116,3766,,
2021-05-09T13:00:00,Sunday,Boston Celtics,124,Miami Heat,130,3766,,
2021-05-09T15:30:00,Sunday,Los Angeles Clippers,100,New York Knicks,106,3766,,
2021-05-09T19:00:00,Sunday,Charlotte Hornets,110,New Orleans Pelicans,112,3766,,
2021-05-09T19:00:00,Sunday,Cleveland Cavaliers,97,Dallas Mavericks,124,3766,,
2021-05-09T19:00:00,Sunday,Orlando Magic,96,Minnesota Timberwolves,128,3766,,
2021-05-09T20:00:00,Sunday,Detroit Pistons,96,Chicago Bulls,108,3766,,
2021-05-09T22:00:00,Sunday,Los Angeles Lakers,123,Phoenix Suns,110,3766,,
2021-05-09T22:00:00,Sunday,Sacramento Kings,126,Oklahoma City Thunder,98,3766,,
2021-05-10T19:30:00,Monday,Atlanta Hawks,125,Washington Wizards,124,3766,,
2021-05-10T19:30:00,Monday,Cleveland Cavaliers,102,Indiana Pacers,111,3766,,
2021-05-10T20:00:00,Monday,Memphis Grizzlies,115,New Orleans Pelicans,110,3766,,
2021-05-10T20:30:00,Monday,San Antonio Spurs,146,Milwaukee Bucks,125,3766,,
2021-05-10T22:00:00,Monday,Portland Trail Blazers,140,Houston Rockets,129,3766,,
2021-05-10T22:00:00,Monday,Golden State Warriors,119,Utah Jazz,116,3766,,
2021-05-11T19:00:00,Tuesday,Charlotte Hornets,112,Denver Nuggets,117,3766,,
2021-05-11T19:00:00,Tuesday,Detroit Pistons,100,Minnesota Timberwolves,119,3766,,
2021-05-11T19:30:00,Tuesday,Boston Celtics,121,Miami Heat,129,3766,,
2021-05-11T19:30:00,Tuesday,Toronto Raptors,96,Los Angeles Clippers,115,3766,,
2021-05-11T20:00:00,Tuesday,Chicago Bulls,107,Brooklyn Nets,115,3766,,
2021-05-11T20:00:00,Tuesday,Indiana Pacers,103,Philadelphia 76ers,94,3766,,
2021-05-11T20:00:00,Tuesday,Memphis Grizzlies,133,Dallas Mavericks,104,3766,,
2021-05-11T21:00:00,Tuesday,Milwaukee Bucks,114,Orlando Magic,102,3766,,
2021-05-11T22:00:00,Tuesday,Golden State Warriors,122,Phoenix Suns,116,3766,,
2021-05-11T22:00:00,Tuesday,Los Angeles Lakers,101,New York Knicks,99,3766,OT,
2021-05-11T22:00:00,Tuesday,Sacramento Kings,122,Oklahoma City Thunder,106,3766,,
2021-05-12T19:00:00,Wednesday,Atlanta Hawks,120,Washington Wizards,116,3766,,
2021-05-12T20:00:00,Wednesday,Brooklyn Nets,128,San Antonio Spurs,116,3766,,
2021-05-12T20:00:00,Wednesday,Cleveland Cavaliers,102,Boston Celtics,94,3766,,
2021-05-12T21:00:00,Wednesday,Dallas Mavericks,125,New Orleans Pelicans,107,3766,,
2021-05-12T21:30:00,Wednesday,Utah Jazz,98,Portland Trail Blazers,105,3766,,
2021-05-12T22:30:00,Wednesday,Los Angeles Lakers,124,Houston Rockets,122,3766,,
2021-05-13T19:00:00,Thursday,Charlotte Hornets,90,Los Angeles Clippers,113,3766,,
2021-05-13T19:00:00,Thursday,Indiana Pacers,133,Milwaukee Bucks,142,3766,,
2021-05-13T19:30:00,Thursday,Atlanta Hawks,116,Orlando Magic,93,3766,,
2021-05-13T19:30:00,Thursday,Miami Heat,106,Philadelphia 76ers,94,3766,,
2021-05-13T19:30:00,Thursday,New York Knicks,102,San Antonio Spurs,98,3766,,
2021-05-13T20:00:00,Thursday,Chicago Bulls,114,Toronto Raptors,102,3766,,
2021-05-13T20:00:00,Thursday,Memphis Grizzlies,116,Sacramento Kings,110,3766,,
2021-05-13T20:00:00,Thursday,Minnesota Timberwolves,103,Denver Nuggets,114,3766,,
2021-05-13T22:00:00,Thursday,Phoenix Suns,118,Portland Trail Blazers,117,3766,,
2021-05-14T19:00:00,Friday,Washington Wizards,120,Cleveland Cavaliers,105,3766,,
2021-05-14T20:00:00,Friday,Detroit Pistons,91,Denver Nuggets,104,3766,,
2021-05-14T20:00:00,Friday,Oklahoma City Thunder,93,Utah Jazz,109,3766,,
2021-05-14T20:00:00,Friday,Philadelphia 76ers,122,Orlando Magic,97,3766,,
2021-05-14T21:00:00,Friday,Dallas Mavericks,114,Toronto Raptors,110,3766,,
2021-05-14T21:00:00,Friday,Houston Rockets,122,Los Angeles Clippers,115,3766,,
2021-05-14T21:00:00,Friday,Memphis Grizzlies,107,Sacramento Kings,106,3766,,
2021-05-14T21:30:00,Friday,Golden State Warriors,125,New Orleans Pelicans,122,3766,,
2021-05-15T13:00:00,Saturday,New York Knicks,118,Charlotte Hornets,109,3766,OT,
2021-05-15T13:00:00,Saturday,Brooklyn Nets,105,Chicago Bulls,91,3766,,
2021-05-15T13:00:00,Saturday,Indiana Pacers,115,Los Angeles Lakers,122,3766,,
2021-05-15T14:00:00,Saturday,Minnesota Timberwolves,108,Boston Celtics,124,3766,,
2021-05-15T14:00:00,Saturday,San Antonio Spurs,103,Phoenix Suns,140,3766,,
2021-05-15T20:00:00,Saturday,Milwaukee Bucks,122,Miami Heat,108,3766,,
2021-05-16T13:00:00,Sunday,New York Knicks,96,Boston Celtics,92,3766,,
2021-05-16T13:00:00,Sunday,Toronto Raptors,113,Indiana Pacers,125,3766,,
2021-05-16T13:00:00,Sunday,Washington Wizards,115,Charlotte Hornets,110,3766,,
2021-05-16T14:00:00,Sunday,San Antonio Spurs,121,Phoenix Suns,123,3766,,
2021-05-16T15:30:00,Sunday,Golden State Warriors,113,Memphis Grizzlies,101,3766,,
2021-05-16T19:00:00,Sunday,Atlanta Hawks,124,Houston Rockets,95,3766,,
2021-05-16T19:00:00,Sunday,Brooklyn Nets,123,Cleveland Cavaliers,109,3766,,
2021-05-16T19:00:00,Sunday,Philadelphia 76ers,128,Orlando Magic,117,3766,,
2021-05-16T20:00:00,Sunday,Detroit Pistons,107,Miami Heat,120,3766,,
2021-05-16T21:00:00,Sunday,Portland Trail Blazers,132,Denver Nuggets,116,3766,,
2021-05-16T21:00:00,Sunday,Sacramento Kings,99,Utah Jazz,121,3766,,
2021-05-16T21:00:00,Sunday,Oklahoma City Thunder,117,Los Angeles Clippers,112,3766,,
2021-05-16T21:00:00,Sunday,Minnesota Timberwolves,136,Dallas Mavericks,121,3766,,
2021-05-16T21:00:00,Sunday,Chicago Bulls,118,Milwaukee Bucks,112,3766,,
2021-05-16T21:00:00,Sunday,New Orleans Pelicans,98,Los Angeles Lakers,110,3766,,
2021-05-18T18:30:00,Tuesday,Indiana Pacers,144,Charlotte Hornets,117,3766,,Play-In Game
2021-05-18T21:00:00,Tuesday,Boston Celtics,118,Washington Wizards,100,3766,,Play-In Game
2021-05-19T19:30:00,Wednesday,Memphis Grizzlies,100,San Antonio Spurs,96,3766,,Play-In Game
2021-05-19T22:00:00,Wednesday,Los Angeles Lakers,103,Golden State Warriors,100,3766,,Play-In Game
2021-05-20T20:00:00,Thursday,Washington Wizards,142,Indiana Pacers,115,3766,,Play-In Game
2021-05-21T21:00:00,Friday,Golden State Warriors,112,Memphis Grizzlies,117,3766,OT,Play-In Game
2021-05-22T14:00:00,Saturday,Milwaukee Bucks,109,Miami Heat,107,3766,OT,
2021-05-22T16:30:00,Saturday,Los Angeles Clippers,103,Dallas Mavericks,113,3766,,
2021-05-22T20:00:00,Saturday,Brooklyn Nets,104,Boston Celtics,93,3766,,
2021-05-22T22:30:00,Saturday,Denver Nuggets,109,Portland Trail Blazers,123,3766,,
2021-05-23T13:00:00,Sunday,Philadelphia 76ers,125,Washington Wizards,118,3766,,
2021-05-23T15:30:00,Sunday,Phoenix Suns,99,Los Angeles Lakers,90,3766,,
2021-05-23T19:00:00,Sunday,New York Knicks,105,Atlanta Hawks,107,3766,,
2021-05-23T21:30:00,Sunday,Utah Jazz,109,Memphis Grizzlies,112,3766,,
2021-05-24T19:30:00,Monday,Milwaukee Bucks,132,Miami Heat,98,3766,,
2021-05-24T22:00:00,Monday,Denver Nuggets,128,Portland Trail Blazers,109,3766,,
2021-05-25T19:30:00,Tuesday,Brooklyn Nets,130,Boston Celtics,108,3766,,
2021-05-25T22:00:00,Tuesday,Phoenix Suns,102,Los Angeles Lakers,109,3766,,
2021-05-25T22:30:00,Tuesday,Los Angeles Clippers,121,Dallas Mavericks,127,3766,,
2021-05-26T19:00:00,Wednesday,Philadelphia 76ers,120,Washington Wizards,95,3766,,
2021-05-26T19:30:00,Wednesday,New York Knicks,101,Atlanta Hawks,92,3766,,
2021-05-26T22:00:00,Wednesday,Utah Jazz,141,Memphis Grizzlies,129,3766,,
2021-05-27T19:30:00,Thursday,Miami Heat,84,Milwaukee Bucks,113,3766,,
2021-05-27T22:00:00,Thursday,Los Angeles Lakers,109,Phoenix Suns,95,3766,,
2021-05-27T22:30:00,Thursday,Portland Trail Blazers,115,Denver Nuggets,120,3766,,
2021-05-28T19:00:00,Friday,Atlanta Hawks,105,New York Knicks,94,3766,,
2021-05-28T20:30:00,Friday,Boston Celtics,125,Brooklyn Nets,119,3766,,
2021-05-28T21:30:00,Friday,Dallas Mavericks,108,Los Angeles Clippers,118,3766,,
2021-05-29T13:30:00,Saturday,Miami Heat,103,Milwaukee Bucks,120,3766,,
2021-05-29T16:00:00,Saturday,Portland Trail Blazers,115,Denver Nuggets,95,3766,,
2021-05-29T19:00:00,Saturday,Washington Wizards,103,Philadelphia 76ers,132,3766,,
2021-05-29T21:30:00,Saturday,Memphis Grizzlies,111,Utah Jazz,121,3766,,
2021-05-30T13:00:00,Sunday,Atlanta Hawks,113,New York Knicks,96,3766,,
2021-05-30T15:30:00,Sunday,Los Angeles Lakers,92,Phoenix Suns,100,3766,,
2021-05-30T19:00:00,Sunday,Boston Celtics,126,Brooklyn Nets,141,3766,,
2021-05-30T21:30:00,Sunday,Dallas Mavericks,81,Los Angeles Clippers,106,3766,,
2021-05-31T19:00:00,Monday,Washington Wizards,122,Philadelphia 76ers,114,3766,,
2021-05-31T21:30:00,Monday,Memphis Grizzlies,113,Utah Jazz,120,3766,,
2021-06-01T19:30:00,Tuesday,Brooklyn Nets,123,Boston Celtics,109,14993,,
2021-06-01T21:00:00,Tuesday,Denver Nuggets,147,Portland Trail Blazers,140,14993,2OT,
2021-06-01T22:00:00,Tuesday,Phoenix Suns,115,Los Angeles Lakers,85,14993,,
2021-06-02T19:00:00,Wednesday,Philadelphia 76ers,129,Washington Wizards,112,14993,,
2021-06-02T19:30:00,Wednesday,New York Knicks,89,Atlanta Hawks,103,14993,,
2021-06-02T21:30:00,Wednesday,Utah Jazz,126,Memphis Grizzlies,110,14993,,
2021-06-02T22:00:00,Wednesday,Los Angeles Clippers,100,Dallas Mavericks,105,14993,,
2021-06-03T20:00:00,Thursday,Portland Trail Blazers,115,Denver Nuggets,126,14993,,
2021-06-03T22:30:00,Thursday,Los Angeles Lakers,100,Phoenix Suns,113,14993,,
2021-06-04T21:00:00,Friday,Dallas Mavericks,97,Los Angeles Clippers,104,14993,,
2021-06-05T19:30:00,Saturday,Brooklyn Nets,115,Milwaukee Bucks,107,14993,,
2021-06-06T13:00:00,Sunday,Philadelphia 76ers,124,Atlanta Hawks,128,14993,,
2021-06-06T15:30:00,Sunday,Los Angeles Clippers,126,Dallas Mavericks,111,14993,,
2021-06-07T19:30:00,Monday,Brooklyn Nets,125,Milwaukee Bucks,86,14993,,
2021-06-07T22:00:00,Monday,Phoenix Suns,122,Denver Nuggets,105,14993,,
2021-06-08T19:30:00,Tuesday,Philadelphia 76ers,118,Atlanta Hawks,102,14993,,
2021-06-08T22:00:00,Tuesday,Utah Jazz,112,Los Angeles Clippers,109,14993,,
2021-06-09T21:30:00,Wednesday,Phoenix Suns,123,Denver Nuggets,98,14993,,
2021-06-10T19:30:00,Thursday,Milwaukee Bucks,86,Brooklyn Nets,83,14993,,
2021-06-10T22:00:00,Thursday,Utah Jazz,117,Los Angeles Clippers,111,14993,,
2021-06-11T19:30:00,Friday,Atlanta Hawks,111,Philadelphia 76ers,127,14993,,
2021-06-11T22:00:00,Friday,Denver Nuggets,102,Phoenix Suns,116,14993,,
2021-06-12T20:30:00,Saturday,Los Angeles Clippers,132,Utah Jazz,106,14993,,
2021-06-13T15:00:00,Sunday,Milwaukee Bucks,107,Brooklyn Nets,96,14993,,
2021-06-13T20:00:00,Sunday,Denver Nuggets,118,Phoenix Suns,125,14993,,
2021-06-14T19:30:00,Monday,Atlanta Hawks,103,Philadelphia 76ers,100,14993,,
2021-06-14T22:00:00,Monday,Los Angeles Clippers,118,Utah Jazz,104,14993,,
2021-06-15T20:30:00,Tuesday,Brooklyn Nets,114,Milwaukee Bucks,108,14993,,
2021-06-16T19:30:00,Wednesday,Philadelphia 76ers,106,Atlanta Hawks,109,14993,,
2021-06-16T22:00:00,Wednesday,Utah Jazz,111,Los Angeles Clippers,119,14993,,
2021-06-17T20:30:00,Thursday,Milwaukee Bucks,104,Brooklyn Nets,89,14993,,
2021-06-18T19:30:00,Friday,Atlanta Hawks,99,Philadelphia 76ers,104,14993,,
2021-06-18T22:00:00,Friday,Los Angeles Clippers,131,Utah Jazz,119,14993,,
2021-06-19T20:30:00,Saturday,Brooklyn Nets,111,Milwaukee Bucks,115,14993,OT,
2021-06-20T15:30:00,Sunday,Phoenix Suns,120,Los Angeles Clippers,114,14993,,
2021-06-20T20:00:00,Sunday,Philadelphia 76ers,96,Atlanta Hawks,103,14993,,
2021-06-22T21:00:00,Tuesday,Phoenix Suns,104,Los Angeles Clippers,103,14993,,
2021-06-23T20:30:00,Wednesday,Milwaukee Bucks,113,Atlanta Hawks,116,14993,,
2021-06-24T21:00:00,Thursday,Los Angeles Clippers,106,Phoenix Suns,92,14993,,
2021-06-25T20:30:00,Friday,Milwaukee Bucks,125,Atlanta Hawks,91,14993,,
2021-06-26T21:00:00,Saturday,Los Angeles Clippers,80,Phoenix Suns,84,14993,,
2021-06-27T20:30:00,Sunday,Atlanta Hawks,102,Milwaukee Bucks,113,14993,,
2021-06-28T21:00:00,Monday,Phoenix Suns,102,Los Angeles Clippers,116,14993,,
2021-06-29T20:30:00,Tuesday,Atlanta Hawks,110,Milwaukee Bucks,88,14993,,
2021-06-30T21:00:00,Wednesday,Los Angeles Clippers,103,Phoenix Suns,130,14993,,
2021-07-01T20:30:00,Thursday,Milwaukee Bucks,123,Atlanta Hawks,112,16389,,
2021-07-03T20:30:00,Saturday,Atlanta Hawks,107,Milwaukee Bucks,118,16389,,
2021-07-06T21:00:00,Tuesday,Phoenix Suns,118,Milwaukee Bucks,105,16389,,
2021-07-08T21:00:00,Thursday,Phoenix Suns,118,Milwaukee Bucks,108,16389,,
2021-07-11T20:00:00,Sunday,Milwaukee Bucks,120,Phoenix Suns,100,16389,,
2021-07-14T21:00:00,Wednesday,Milwaukee Bucks,109,Phoenix Suns,103,16389,,
2021-07-17T21:00:00,Saturday,Phoenix Suns,119,Milwaukee Bucks,123,16389,,
2021-07-20T21:00:00,Tuesday,Milwaukee Bucks,105,Phoenix Suns,98,16389,,
